site_name,lat,long,2018-01-31,2018-02-28,2018-03-31,2018-04-30,2018-05-31,2018-06-30,2018-07-31,2018-08-31,2018-09-30,2018-10-31,2018-11-30,2018-12-31,2019-01-31,2019-02-28,2019-03-31,2019-04-30,2019-05-31,2019-06-30,2019-07-31,2019-08-31,2019-09-30,2019-10-31,2019-11-30,2019-12-31,2020-01-31,2020-02-29,2020-03-31,2020-04-30,2020-05-31,2020-06-30,2020-07-31,2020-08-31,2020-09-30,2020-10-31,2020-11-30,2020-12-31,2021-01-31,2021-02-28,2021-03-31,2021-04-30,2021-05-31,2021-06-30,2021-07-31,2021-08-31,2021-09-30,2021-10-31,2021-11-30,2021-12-31,2022-01-31,2022-02-28,2022-03-31,2022-04-30,2022-05-31,2022-06-30,2022-07-31,2022-08-31,2022-09-30,2022-10-31,2022-11-30
Aspen Park,39.541515,-105.29841,0.03613658064516129,0.03718096428571428,0.04222393548387097,0.04661527586206896,0.04502278571428571,0.045673413793103454,0.05072483870967742,0.04801466666666667,0.03964089655172414,0.029714499999999998,0.03511966666666667,0.03252731034482759,0.036422857142857146,0.03878007407407407,0.0411901,0.0421882,0.040500999999999995,0.0436862,0.04326033333333333,0.0457942,0.045340285714285715,,,,,,,,,,,,,,,,,,,,,,,,,,,,,,,,,,,,,,
Aurora East,39.638522,-104.56933500000001,,,,,,,,,,,,,,0.03461,,,,,,,,,,,,,,,,,,,,,,,,0.034348555555555556,,,,,,,,,,,,,,,,,,,,,
Aurora East,39.638522,-104.569335,0.0339138,0.035423115384615386,0.04328438709677419,0.04543726666666667,0.04759393548387097,,,0.049241129032258066,0.039178399999999995,0.03083867741935484,0.032318318181818184,0.03345175,0.036434857142857144,,0.04200193333333333,0.0441962,0.04309536666666667,0.047449,0.04723151612903226,0.04984025806451613,,0.03647441935483871,0.031851136363636366,0.03584944,0.03600476,,0.03894796153846154,,0.04344596774193548,0.0458706,0.046229433333333333,0.052292200000000004,0.042189000000000004,0.03469803333333333,0.03273326666666667,0.03185921428571429,0.03267846666666667,,0.04211761290322581,0.0423902,0.04145264516129032,0.04853646666666667,0.05707353571428571,0.054345387096774195,0.04865967857142857,0.03976661290322581,0.034699999999999995,0.03592746666666667,0.03646493548387097,0.040829892857142856,0.04174003225806452,,0.04538309375,,0.05052435483870968,0.05038516129032258,,,
Aurora East,39.63852200000001,-104.569335,,,,,,0.04961275862068965,0.05310755172413793,,,,,,,,,,,,,,0.04401820689655172,,,,,0.04106896551724138,,0.04368758620689655,,,,,,,,,,,,,,,,,,,,,,,,0.04583775862068966,,0.04822110344827586,,,0.04308320689655173,,
Battlement Mesa,39.43806,-108.02611,0.02472111111111111,0.033965749999999996,0.037847958333333334,0.045247136363636364,0.046300724137931036,0.04478433333333333,0.046616419354838706,0.04425193548387097,0.035661678571428566,0.026337741935483872,0.02584506666666667,0.02664707142857143,0.0302079,0.03982346153846154,0.037684433333333336,0.041375520000000006,0.0420855,0.04009015789473684,0.03810393333333333,0.04125127586206897,0.03911376666666667,0.03589561290322581,0.03177089655172414,0.026988233333333334,0.030792133333333336,0.03743613793103448,0.03738146428571428,0.04253913333333333,0.04488441379310344,0.043407799999999996,0.04077987096774193,0.048571931034482756,0.0387785,0.035924000000000005,0.030705413793103452,0.028615733333333334,0.03424287096774194,0.03635296428571429,0.038955448275862066,0.042139166666666665,0.042419827586206896,0.04195175,0.0492764,0.045056793103448275,0.039933034482758624,0.03009674193548387,0.026005966666666665,0.030914793103448277,,,,,,,,,,,
Black Hawk,39.792519,-105.49127,,,,,,,,,,,,,,,,,,,,0.051647125,0.047137233333333334,0.040201193548387096,0.04004785185185185,0.04429796666666667,0.04500383870967742,0.044969620689655175,0.044381387096774194,,,0.04659406666666666,0.045730516129032256,,0.046219840000000005,0.04068309677419355,0.0406765,0.0401607,0.04053132258064516,0.04248362962962963,0.04639826666666667,0.04725551724137931,0.044753290322580644,0.048856833333333335,0.057166967741935484,0.0528121935483871,0.05046276666666667,0.0422765,0.04010958620689655,,0.044244700000000005,,0.044054935483870974,0.04755496666666667,0.04518043333333333,0.04736713793103448,0.04638890322580645,0.04949161290322581,0.04439758620689655,,
Black Hawk,39.792519000000006,-105.49127,,,,,,,,,,,,,,,,,,,0.04624364285714285,,,,,,,,,0.048624214285714285,0.047506285714285716,,,0.05412182142857143,,,,,,,,,,,,,,,,0.042432750000000005,,0.04430253571428572,,,,,,,,,
Boulder Reservoir,40.070016,-105.22023800000001,0.025404633333333333,,,,0.04502353333333333,,,,0.0392823,,0.02920973333333333,,,,,,,,0.04510003333333334,,,0.030645099999999998,0.0262254,0.0250824,,,,,,0.04400843333333333,,0.051040833333333334,,,0.02911103333333333,,,,0.04126863333333333,,0.038931466666666664,0.04766076666666667,0.0548792,,,,,,0.028764699999999997,,,0.0449098,,,,,,,
Boulder Reservoir,40.070016,-105.220238,,0.033185185185185186,0.03925993548387097,0.04320485185185185,,0.0474288275862069,0.05186722580645161,0.050075903225806455,,0.0295718,,0.02500410344827586,0.027131,0.028666703703703705,0.039332064516129035,0.04120779310344827,0.039278129032258066,0.045886482758620686,,0.04666983870967742,0.04179713793103448,,,,0.0316958275862069,0.03779106896551725,0.03538525806451613,,0.042623857142857144,,0.04594503225806452,,0.03921788888888889,0.030741838709677418,,0.027928111111111112,0.028626193548387097,0.03358388888888889,,0.041803206896551724,,,,0.05163948387096774,0.04689257142857143,0.03505306451612904,0.031565862068965514,0.032251586206896554,,0.037264678571428574,0.03831506451612903,,0.04312134482758621,0.04699371428571429,0.046867193548387094,0.04707506896551725,0.038004,,
Boulder Reservoir,40.070016,-105.22023799999998,,,,,,,,,,,,,,,,,,,,,,,,,,,,0.04257246153846154,,,,,,,,,,,,,,,,,,,,,,,,,,,,,,,
Briggsdale,40.64999999999999,-104.33,,,,,,,,,,,0.02829576923076923,,,,,,,,,,,,,,,,,,,,,,,,,,,,,,,,,,,,,,,,,,,,,,,,
Briggsdale,40.65,-104.33000000000001,,0.033256043478260874,,,,0.04332362068965517,,,,,,,,,,,,,,,,,,,,,,,,,,,,,,,,,,,,,,,,,,,,,,,,,,,,,
Briggsdale,40.65,-104.33,0.02370672,,0.03740609677419355,0.0413118,0.04266987096774194,,0.04714845833333333,0.042272333333333335,0.033297966666666665,0.02484912,,0.026737111111111114,,,,,,,,,,,,,,,,,,,,,,,,,,,,,,,,,,,,,,,,,,,,,,,
Chatfield State Park,39.534488,-105.07035800000001,,0.028594535714285715,,,,,0.05511975,,,,0.029892821428571432,,,0.03028607142857143,0.038829857142857145,,,,,,,,,,,,,,,,0.04660921428571429,,,0.03311139285714286,0.031094678571428575,,,,,,,0.04880832142857143,,,,,,,,,,,,,,,,,
Chatfield State Park,39.534488,-105.070358,0.029902310344827588,,0.039918576923076925,0.04484506666666667,0.046777793103448276,0.04969163333333334,,0.05046483870967742,0.04017063333333334,0.02927233333333333,,0.028706033333333332,0.030341741935483873,,,0.04049996153846154,0.03974503333333333,0.04578425925925926,0.04730968965517241,0.05056863333333333,0.04351248275862069,0.03247254838709677,0.026261370370370372,0.028976740740740744,0.03172661290322581,0.03753548275862069,0.036740896551724134,0.04311886206896552,0.04470803333333333,0.045139200000000004,,0.05440823333333333,0.0417588,,,0.029671384615384617,0.028409806451612903,0.030289666666666666,0.04043658620689655,0.041123,0.04058109677419355,,0.06218472727272727,0.05516132258064516,0.04889483333333333,0.03575023333333334,0.02967843333333333,0.031422399999999996,0.028654580645161288,0.0357058,0.03864906451612903,0.0450941,0.04386060606060606,0.04858620689655173,0.04912353333333333,0.05144651851851852,0.042843758620689655,,
Cortez - Health Dept,,,,,,,,,,,,,,,,,,,,,,,,,,,,,,,,,,,,,,,,,,,,,,,,,,,,,,,,,,,,,
Cortez - Health Dept,37.350054,-108.59233400000001,,0.03435717857142857,,,,,,,,,,,,,,,,,,,,,,,,,,,,,,,,,,,,,,,,,,,,,,,,0.034344428571428574,,,,0.041630178571428575,,,,,
Cortez - Health Dept,37.350054,-108.592334,0.025657962962962962,,0.0368995,0.04535022727272727,0.045707741935483874,0.041614407407407406,,0.044918724137931035,0.03541827272727272,0.02730759090909091,0.02682958620689655,0.02462116,,,0.03836051612903226,0.0403784,0.04262546666666667,0.0425882,0.03925493333333333,0.04032455172413793,0.0386608,0.0334352,0.028452310344827585,0.023923533333333333,0.027949066666666668,0.029856999999999998,0.0354156,0.03989996666666666,0.0437451,0.0411843,0.03714903225806452,0.04296758620689655,0.03574231034482758,0.03017855172413793,0.026405689655172416,0.02322437037037037,0.026299709677419354,0.031222185185185186,0.03633777419354839,0.040088266666666664,0.04323333333333333,0.0409353,0.04599432258064516,0.04068890322580645,0.03566941379310345,0.030952645161290326,0.024752966666666668,0.02859641379310345,0.0275028064516129,,0.037247612903225806,0.040443033333333336,0.04384438709677419,,0.044093,0.04070029032258064,0.034647,,
Cortez - Health Dept,37.350054,-108.59233399999998,,,,,,,0.04443663157894737,,,,,,,0.0363058,,,,,,,,,,,,,,,,,,,,,,,,,,,,,,,,,,,,,,,,,,,,,
DENVER - CAMP,39.751184,-104.987625,0.014378333333333333,0.018617607142857144,0.030823032258064514,0.0376382962962963,0.03923151612903226,,0.047169,0.043549,0.031022633333333334,0.018980466666666664,0.018840285714285716,0.01689985185185185,0.015659607142857142,0.01771459259259259,0.028871,0.0343588,0.033962483870967744,0.0410539,0.0423392,0.044243387096774195,0.03486274074074074,0.023143166666666666,0.0143901,0.014607866666666667,0.020120607142857145,0.024565333333333335,0.028454966666666668,,0.03767922580645161,,,0.047258428571428576,0.03314123333333333,0.022778064516129033,,,0.017066451612903225,0.020191703703703705,0.02783536666666667,0.031575185185185185,0.03221842857142857,0.0428138,0.052453548387096774,,0.038317566666666664,0.02662816129032258,0.020114833333333335,0.018547033333333334,0.015476322580645161,0.02213867857142857,0.025879545454545457,0.0370569,0.03951996774193549,0.044723533333333336,0.04719167741935484,,0.03500440740740741,,
DENVER - CAMP,39.75118400000001,-104.987625,,,,,,0.04209934482758621,,,,,,,,,,,,,,,,,,,,,,0.03550503448275862,,0.038687689655172414,0.04228003448275862,,,,0.019190724137931034,0.01832051724137931,,,,,,,,0.04752255172413793,,,,,,,,,,,,0.04807396551724138,,,
Deadman,40.829,-105.752,,,,,,,,0.06046014285714286,0.051024238095238095,0.044625,,,,,,,,,,,,,,,,,,,,,,,,,,,,,,,,,,,,,,,,,,,,,,,,,
Deadman,40.829,-105.75199999999998,,,,,,,0.05657930769230769,,,,,,,,,,,,,,,,,,,,,,,,,,,,,,,,,,,,,,,,,,,,,,,,,,,,
Douglas Pass,39.598,-108.805,,,0.045581666666666666,0.05024911538461539,0.05672237931034483,0.0563568,0.0594421935483871,0.055889967741935484,0.048212793103448275,0.037529,,,,,,,,,,,,,,,,,,,,,,,,,,,,,,,,,,,,,,,,,,,,,,,,,
Elk Springs,40.329253,-108.49424000000002,,,,0.04566671428571428,,,,,,,,,,,,,,,,,,,,,,,,,,,,,,,,,,,,,,,,,,,,,,,,,,,,,,,
Elk Springs,40.329253,-108.49424,0.03375145161290322,0.04012817857142857,0.04220286206896552,,0.049664129032258066,0.05328925,0.05029828571428572,0.047378533333333334,0.040758366666666664,0.02984703333333333,0.03088453846153846,0.032337333333333336,,,,,,,,,,,,,,,,,,,,,,,,,,,,,,,,,,,,,,,,,,,,,,,
Evergreen,39.620408,-105.33872000000001,,,,,,,,,,,,,,,,,,,,,,,,,,,,,,,,,,,,0.033728,,,,,,,,,,,,,,,,,,,,,,,
Evergreen,39.620408,-105.33872,,,,,,,,,,,,,,,,,,,,,,,,,,,,,,,,,,0.03042188,0.0302196,,0.03165752631578947,,0.036954749999999995,0.03789555555555556,0.03472692,0.0420706,0.049503222222222226,0.049901857142857144,0.0476628,0.038946935483870966,0.03654876666666666,0.03909131034482759,0.039411714285714286,0.04344957142857143,0.04311951612903226,0.04659434482758621,0.04329851515151516,0.04349585714285714,0.0403738064516129,0.04473061290322581,0.04150913793103448,,
Evergreen,39.620408,-105.33871999999998,,,,,,,,,,,,,,,,,,,,,,,,,,,,,,,,,,,,,,0.03294913636363636,,,,,,,,,,,,,,,,,,,,,
FORT COLLINS - WEST,40.59254299999999,-105.141122,,,,,0.045332038461538465,,,,,,,,,,,,,,,,,,,,,,,,,,,,,,,,,,,,,,,,,,,,,,,,,,,,,,
FORT COLLINS - WEST,40.592543,-105.141122,0.02819158064516129,0.03588017857142857,0.04182541935483871,0.0447588,,0.04961255172413793,0.05202648387096774,0.051028451612903224,0.040888299999999995,0.029994387096774194,0.03163,0.030768733333333336,0.031504709677419356,,0.041590161290322586,0.042858933333333335,0.03960151612903225,0.04682256666666666,0.046838741935483874,0.047586354838709675,0.044619733333333335,0.03422736666666667,0.030109800000000003,0.029541666666666667,0.03418783870967742,0.039771,0.036929774193548384,0.044794099999999996,0.04217277419354839,0.04612555172413793,0.046495258064516126,0.05135670967741936,0.04210337931034483,0.03331989285714286,0.029320533333333332,0.0311432,0.03050283870967742,0.033416,0.042480000000000004,0.04348679310344828,0.0406577,0.05011365517241379,0.056527612903225805,0.05437003225806451,0.04921173333333333,0.03801325806451613,0.03129216666666666,0.03438823333333333,0.03195648387096774,0.0390335,0.04132638709677419,0.046505866666666666,0.04422583870967742,0.04858626666666666,0.0484,0.04855964516129033,0.04234072413793104,,
FORT COLLINS - WEST,40.592543000000006,-105.141122,,,,,,,,,,,,,,0.03155774074074074,,,,,,,,,,,,,,,,,,,,,,,,,,,,,,,,,,,,,,,,,,,,,
"Fairplay, Colorado",39.240278,-105.983056,0.03874935294117647,,,,,,,,,,,,,,,,,,,,,,,,,,,,,,,,,,,,,,,,,,,,,,,,,,,,,,,,,,
"Fairplay, Colorado",39.240278,-105.98305599999999,,0.04140004,,,,,,,,,,,,,,,,,,,,,,,,,,,,,,,,,,,,,,,,,,,,,,,,,,,,,,,,,
Flattops #3,39.799,-107.617,,,,,0.048706,0.0517843,0.05625425806451613,0.05529823333333333,0.04733933333333333,,,,,,,,,,,,,,,,,,,,,,,,,,,,,,,,,,,,,,,,,,,,,,,,,,
Fort Collins - CSU - S. Mason,40.57747,-105.07892000000001,,,,,,,,,,,,,,,,,,,,,,,,,0.025428,0.027192655172413795,,,,,,,,,,,,,,,,0.044180551724137936,,,,,0.01907089655172414,,,,,,,0.04312579310344827,,,0.034570034482758624,,
Fort Collins - CSU - S. Mason,40.57747,-105.07892,0.015556714285714285,0.0255995,0.03363561290322581,0.03775693333333333,0.03944896774193548,0.0418379,0.043601548387096775,0.04086341935483871,0.029972566666666665,0.020436387096774193,0.020962766666666667,0.01870986666666667,0.018333870967741937,0.023562964285714284,0.03369596666666667,0.036458866666666666,0.03292025806451613,0.040168866666666664,0.03933559259259259,0.040097812499999996,0.03444667857142857,0.025343354838709677,0.01981763333333333,0.014854074074074075,,,0.028068387096774193,0.03738233333333333,0.0372392,0.03995286666666666,0.0408786129032258,0.04344216129032258,0.030915666666666668,0.02380490322580645,0.018374500000000002,0.0188667,0.019888166666666665,0.026891037037037036,0.03222016129032258,0.03527586666666667,0.034971580645161295,,0.047946967741935485,0.04501857894736842,0.037056821428571425,0.026798,,,0.016723117647058826,0.02673172,0.03447248387096774,0.042950999999999996,0.04061373333333333,,0.043647032258064516,0.043501,,,
Fort Collins - CSU - S. Mason,40.57747,-105.07891999999998,,,,,,,,,,,,,,,,,,,,,,,,,,,,,,,,,,,,,,,,,,,,,,,,0.025042863636363634,,,,,,,,,,,
Goliath Peak,39.643,-105.59200000000001,,,,,,,,,,0.0357384,,,,,,,,,,,,,,,,,,,,,,,,,,,,,,,,,,,,,,,,,,,,,,,,,
Goliath Peak,39.643,-105.592,,,,,,0.058491037037037036,0.06319899999999999,0.05929416129032258,0.04803385185185185,,,,,,,,,,,,,,,,,,,,,,,,,,,,,,,,,,,,,,,,,,,,,,,,,,
Gothic,38.956399999999995,-106.9858,,0.04590757142857143,,,,,,,,,,,,0.04923317857142857,,,,,,,,,,,,,,,,,,,,,,,,0.044376035714285715,,,,,,,,,,,,0.04881714285714286,,,,,,,,,
Gothic,38.9564,-106.98580000000001,,,,,,,0.04756693103448276,,,,,,,,,,,,,,,,0.041721,,,0.04614606896551724,,,,,,,0.04140965517241379,,,,,,,0.051117655172413796,,0.04299993103448276,,,,,,,,,,,0.04936924137931034,,,,,,
Gothic,38.9564,-106.9858,0.043662761904761906,,0.049248580645161286,0.0525608,0.05109026666666667,0.04865293333333333,,0.04712145161290323,0.041096233333333336,0.038463,0.0446529,0.04493523333333334,0.044874677419354844,,0.051647193548387094,0.05264433333333333,0.05214738709677419,0.0459284,0.03777796774193548,0.040003866666666665,0.041662700000000004,0.04286473333333333,,0.043784399999999994,0.04428835483870967,,0.04726751612903226,0.049065285714285714,0.0468608,0.0424981,0.037303709677419354,0.047273225806451616,,0.04092032258064516,0.03906166666666667,0.04176473076923077,0.04429225806451613,,0.048922225806451614,,0.047939133333333335,,0.0458236,0.04365496666666667,0.04418243333333334,0.04033970967741936,0.03972,0.04291046666666667,0.04657116129032258,,0.04795825806451613,0.05060596666666666,,0.04387066666666666,0.03662041935483871,0.036547166666666665,,,
Grand Mesa,38.93,-108.23,,,,,,0.0524647,0.055597677419354834,0.055880451612903226,0.0486451,0.03882857142857143,,,,,,,,,,,,,,,,,,,,,,,,,,,,,,,,,,,,,,,,,,,,,,,,,
Greeley - Weld County Tower,40.386368,-104.73744000000002,,,,,,,,,,,,,,,,,,,,,,,,0.01536765,,,,,,,,,,,,,,,,,,,,,,,,,,,,,,,,,,,
Greeley - Weld County Tower,40.386368,-104.73744,0.017617714285714285,0.028591157894736846,0.0365274,0.04197253333333333,0.04384175,0.045423233333333334,0.04615551612903226,0.043502870967741934,0.03306863333333333,0.022512193548387096,0.020017999999999998,0.0173057,0.01761557142857143,0.022722607142857145,0.0322008275862069,0.03581173333333333,0.03503412903225806,0.040814833333333335,0.0399416129032258,0.039943,0.033807800000000006,0.024806451612903225,0.017092357142857142,,0.024164928571428573,0.02775451724137931,0.03190890322580645,0.03995937931034483,0.040690741935483866,0.04278816666666666,,0.04555596774193549,0.0358285,0.026032629629629628,0.019712407407407408,0.01757767857142857,0.019537928571428574,0.02452107142857143,0.03101577419354839,0.03275377777777778,0.036379,0.045266766666666666,0.05232048275862069,0.048230416666666664,0.041311766666666666,0.03185774193548387,0.022268666666666666,0.02430593333333333,0.017891806451612903,0.02744239285714286,0.03544593548387097,0.042805866666666664,0.04174323333333333,0.04457203448275862,0.047269793103448275,0.04580070967741935,0.037957413793103446,,
Greeley - Weld County Tower,40.386368,-104.73743999999999,,,,,,,,,,,,,,,,,,,,,,,,,,,,,,,0.04392913043478261,,,,,,,,,,,,,,,,,,,,,,,,,,,,
HIGHLAND RESERVOIR,39.56788699999999,-104.957193,,,,,,,,,,,,,,,,,,,,,,,,,,,,,,,,,,,,,,,,,,,,,,,,,,,,,,,,,0.04338344444444445,,
HIGHLAND RESERVOIR,39.567887,-104.957193,0.026758392857142856,,0.040985266666666666,0.04589848275862069,0.0482762,,0.05447063333333334,0.049637548387096775,0.03997365517241379,0.028100612903225807,0.02829037931034483,0.0272891,0.027918354838709677,0.02782459090909091,0.036093,,0.0416906129032258,0.0484842,0.0484723870967742,0.05147058064516129,0.04388441379310345,0.03264141935483871,0.026969344827586207,0.029159551724137932,0.03077606451612903,0.03459834482758621,0.03670432258064516,0.04427843333333333,0.04574241935483871,0.04665096666666667,0.04825003571428571,0.05574383870967742,0.043147000000000005,0.033532266666666664,0.03175883333333333,0.030780466666666666,0.028988200000000002,0.030006321428571427,0.0405195,0.0420099,0.04155881818181818,0.05108033333333333,0.061869129032258066,0.056074064516129035,0.048460500000000004,0.03665756666666666,0.030347000000000002,0.030389482758620686,0.029098645161290324,0.03407989285714286,0.03712529032258065,0.043953099999999995,0.044631757575757575,0.04921956666666667,0.05141170967741936,0.051882741935483874,,,
HIGHLAND RESERVOIR,39.567887,-104.95719299999999,,0.026815000000000002,,,,0.05082896153846154,,,,,,,,,,0.04040496153846154,,,,,,,,,,,,,,,,,,,,,,,,,,,,,,,,,,,,,,,,,,,
"Hebron, Colorado",40.550599999999996,-106.385,,,,,,,,,,,,,,,,,,,,,,,,,,,,,,,,,,,,,,,,,,,,,,,,,,,,,,,0.03938864285714285,,,,
Kenosha Pass,39.416999999999994,-105.755,,0.04845092857142857,,,,,,,,,,0.045661714285714285,,,,,,,,,,,,,,,,,,,,,,,,,,,,,,,,,,,,,,,,,,,,,,,
Kenosha Pass,39.417,-105.755,,,0.05193935483870968,,0.0558273870967742,,0.05929409677419355,0.05641558064516129,,0.039438299999999996,0.047566500000000005,,,,,,,,,,,,,,,,,,,,,,,,,,,,,,,,,,,,,,,,,,,,,,,,
Kenosha Pass,39.417,-105.75499999999998,0.04694413333333333,,,0.055378533333333334,,0.05577063333333333,,,0.04761766666666666,,,,,,,,,,,,,,,,,,,,,,,,,,,,,,,,,,,,,,,,,,,,,,,,,,
Kremmling,40.058,-106.37000000000002,,,,,,0.0415569,,,0.033095233333333335,,,,,,,,,,,,,,,,,,,,,,,,,,,,,,,,,,,,,,,,,,,,,,,,,,
Kremmling,40.058,-106.37,,,,0.0450185,0.04135854838709677,,0.04302848387096774,0.04100951612903226,,0.024234125,,,,,,,,,,,,,,,,,,,,,,,,,,,,,,,,,,,,,,,,,,,,,,,,,
La Casa,39.77949,-105.00518000000001,,,,,,,,0.04435142307692308,,,,,,,,0.03461884615384615,,,,,,,0.014416384615384616,,,,,,,,,,,,,,,,,,,,,,,,,0.018380153846153845,,,,,,,,,,,
La Casa,39.77949,-105.00518,0.015135074074074073,0.020855000000000002,,0.03724625925925926,0.04002096774193548,0.0430344,0.04681103225806452,,,0.018491483870967742,0.018148068965517242,0.01626057142857143,0.018026166666666666,0.019167190476190477,0.029762741935483873,,0.03382541935483871,0.0407891724137931,0.04147086206896552,0.042510387096774196,,0.021155928571428572,,0.014154740740740742,0.018734354838709676,0.022835349999999997,0.027717322580645163,,0.03915617241379311,0.04223525,,0.04704741935483871,0.03183572413793103,0.024358714285714286,0.019344499999999997,0.017186586206896552,0.0195642962962963,0.02327237037037037,,,0.03536645161290323,,0.0534017619047619,,,0.02623889655172414,,,0.015359959999999999,0.02478825,0.029847964285714287,0.03819272413793103,0.03516962068965517,0.03908964285714286,0.04519388888888889,0.04783483870967742,0.03450913793103448,,
La Casa,39.77949,-105.00517999999998,,,0.031345033333333334,,,,,,0.03137653333333333,,,,,,,,,,,,0.034076499999999996,,,,,,,0.03637263333333333,,,0.04356993333333334,,,,,,,,0.03057836666666667,0.03622353333333333,,0.04582743333333333,,0.048894433333333334,0.038923599999999996,,0.019662766666666668,,,,,,,,,,,,
MANITOU SPRINGS,38.853097,-104.901289,0.0327021935483871,0.03427103571428571,0.04479296774193548,0.046903966666666665,,0.051009766666666664,0.052274111111111105,0.04657490322580645,0.04026476923076923,0.029973451612903226,0.03526663333333333,0.033713733333333336,0.03588612903225807,0.03722486956521739,0.04218219354838709,0.04497653333333333,0.04312725806451613,0.04785106666666667,0.04557309677419355,0.04754077419354839,0.044305866666666666,0.03552743333333333,0.0321334,0.03570589655172414,0.037001935483870964,0.03803644827586207,0.0396255,0.04527646666666666,0.04561851612903226,0.045653000000000006,0.04476086666666667,0.05216312903225807,0.044619599999999995,0.03655590322580645,0.0355021,0.034560766666666666,0.03417070967741935,0.03357142857142857,0.04230532258064516,0.04411163333333333,0.04125232258064516,0.0470334,0.0549981935483871,0.055404037037037036,0.0479667,0.041611,0.03573333333333333,0.03705467857142857,0.03625616129032258,0.04045367857142857,0.0418443870967742,0.04679492307692308,0.046682218750000004,0.046613666666666664,0.047962032258064516,0.04909406666666667,0.04388024137931034,,
MANITOU SPRINGS,38.853097,-104.90128899999999,,,,,0.04937784,,,,,,,,,,,,,,,,,,,,,,,,,,,,,,,,,,,,,,,,,,,,,,,,,,,,,,
Manitou Experimental Forest,39.10099999999999,-105.093,,,,,,0.04800777777777778,0.04997390322580645,0.043445387096774195,,,,,,,,,,,,,,,,,,,,,,,,,,,,,,,,,,,,,,,,,,,,,,,,,,,
Manitou Experimental Forest,39.101,-105.093,,,,,,,,,0.037607892857142854,0.023789714285714286,,,,,,,,,,,,,,,,,,,,,,,,,,,,,,,,,,,,,,,,,,,,,,,,,
Manitou Experimental Forest,39.101000000000006,-105.093,,,,,0.044655172413793104,,,,,,,,,,,,,,,,,,,,,,,,,,,,,,,,,,,,,,,,,,,,,,,,,,,,,,
McClure Pass,39.09,-107.23400000000001,,,,,0.05958551724137931,,,,,,,,,,,,,,,,,,,,,,,,,,,,,,,,,,,,,,,,,,,,,,,,,,,,,,
McClure Pass,39.09,-107.234,,,,0.0604175,,0.056071083333333334,0.051754999999999995,0.0528862,0.0480882,0.03501111111111111,,,,,,,,,,,,,,,,,,,,,,,,,,,,,,,,,,,,,,,,,,,,,,,,,
Mesa Verde NP - Resource Management Area,37.1984,-108.49046000000001,0.03799357142857143,,,,,,0.05352980952380952,,,,,,,,,,,,,,,,,,,,,,,,,,,,,,,,,,,,,,,,,,,,,,,,,,,,
Mesa Verde NP - Resource Management Area,37.1984,-108.49046,,0.04431164705882353,0.046085290322580644,0.05334475862068966,0.05608545161290322,0.050840333333333335,,0.054393517241379315,0.045156933333333336,0.036925935483870964,0.04194569230769231,0.039031366666666664,0.041523645161290326,0.04624589285714286,0.04709667741935484,0.04908021739130435,0.05173629032258065,0.05340975,0.04801329032258065,0.051016806451612905,0.04779593333333333,0.04532454838709678,0.04174944444444444,0.03834506666666667,0.041043645161290325,0.04195537931034483,0.043964379310344824,0.04823326666666667,0.05094312903225807,0.04789809999999999,0.0447078064516129,0.05309874193548387,0.048551033333333334,0.04261670967741935,0.038658700000000004,0.038041233333333334,0.04053788,0.04336826086956522,0.04601533333333333,0.048292103448275864,0.052352965517241376,0.04948866666666667,0.055020935483870964,0.050483935483870965,0.047409799999999995,0.041117612903225804,0.0383197,0.03955686666666667,0.04036248387096774,0.04440964285714286,0.04502843333333333,0.04796276666666666,0.049597709677419353,0.0489923,0.05175286666666667,,,,
Mines Peak,,,,,,,,,,,,,,,,,,,,,,,,,,,,,,,,,,,,,,,,,,,,,,,,,,,,,,,,,,,,,
Mines Peak,39.794391,-105.76398000000002,,,,,,,,,,,,,,0.046930571428571426,,,,,,,,,,0.045912999999999995,,,,,,,,,,,,,,,0.04914792857142857,,,,,,,,,,,0.04802939285714286,0.047636785714285715,,,0.05309682142857143,,,0.047217,,
Mines Peak,39.794391,-105.76398,,,0.05053129411764706,0.0542275,0.0502764,0.05637575,0.05853893548387097,0.05696774193548387,0.04805082758620689,0.039831032258064517,0.0441549,0.043456833333333326,0.043933548387096774,,0.04679825,,0.05132067741935484,0.05270003333333333,0.04705412,0.05311451612903226,0.04897372413793103,0.043322516129032256,,,0.04437253333333333,0.042215499999999996,,,,,0.04917936842105263,0.05817154166666667,0.05024872727272727,0.04628467741935484,0.046513766666666664,0.04761935294117647,,0.046974159999999994,,0.051276499999999996,0.05367167741935484,0.053959851851851856,0.060366633333333336,0.054015193548387096,0.050386966666666665,0.044180322580645165,0.04335096666666667,0.04477443333333333,0.047051290322580645,,,0.051604185185185183,,,0.049281129032258064,0.053874741935483875,,,
Mines Peak,39.794391,-105.76397999999999,,,,,,,,,,,,,,,,0.0470824,,,,,,,0.04445782608695652,,,,,,,,,,,,,,,,,,,,,,,,,,,,,,,,,,,,
Mines Peak,39.794391000000005,-105.76398,,,,,,,,,,,,,,,,,,,,,,,,,,,,,,,,,,,,,0.04612669230769231,,,,,,,,,,,,,,,,0.050741999999999995,,,,,,
NATIONAL RENEWABLE ENERGY LABS - NREL,39.74372399999999,-105.177989,,,,,,,,,,,,,0.03425059259259259,,,,,,,,,,,0.032816962962962964,,,,,,,,,,,,,,,,,,,,,,,,,,,,,,,,,,,
NATIONAL RENEWABLE ENERGY LABS - NREL,39.743724,-105.177989,0.0323921,0.032375928571428576,0.041222,0.043743300000000006,0.04584435483870968,0.0492372,,0.054890620689655174,0.045055733333333334,0.030754548387096774,0.034678499999999994,0.03362346666666667,,0.032245750000000004,0.04255596428571429,,0.04173858064516129,0.04881853333333333,0.050284645161290324,0.051945032258064516,0.0462351724137931,0.03414235483870968,,,0.03350596666666667,0.03631514285714286,0.03599429032258065,0.04291210344827586,0.04721963333333334,0.048852933333333334,0.05015206451612903,0.06053578571428571,0.04787820689655173,0.036656548387096775,0.035909833333333335,0.0351358275862069,0.03396473333333334,0.032970571428571425,0.04281176666666667,0.044158833333333335,0.042601483870967745,0.05397646666666667,0.06274196774193548,0.057738032258064516,0.0522804,0.04021558064516129,0.035619566666666665,0.036651100000000006,0.03486912903225806,0.04033821428571428,0.041341580645161295,0.046435366666666665,0.04558825,0.05022943333333333,0.05195096666666667,0.054500903225806446,0.04565920689655172,,
NATIONAL RENEWABLE ENERGY LABS - NREL,39.743724,-105.17798899999998,,,,,,,0.051955875000000006,,,,,,,,,0.042187583333333334,,,,,,,0.028379958333333333,,,,,,,,,,,,,,,,,,,,,,,,,,,,,,,,,,,,
Norwood,38.132,-108.28500000000001,,,,0.04713233333333333,,,,,,,,,,,,,,,,,,,,,,,,,,,,,,,,,,,,,,,,,,,,,,,,,,,,,,,
Norwood,38.132,-108.285,,,,,0.0498121935483871,0.047223433333333335,0.046741200000000004,0.048021466666666665,0.038756344827586206,0.027454888888888886,,,,,,,,,,,,,,,,,,,,,,,,,,,,,,,,,,,,,,,,,,,,,,,,,
Palisade-Water Treatment,39.130575,-108.31383500000001,,0.03519434782608696,0.04039758620689655,0.04637847826086956,,,,,,,0.02911958620689655,,,,,0.044156206896551725,,0.04793510344827586,,,,,,,,0.036876241379310344,,0.04254365517241379,,,,,,,0.03041986206896552,0.028016103448275865,,,,,,,,,,,0.02632044827586207,0.029925,,,,,,0.04622713793103448,,,0.038851827586206894,,
Palisade-Water Treatment,39.130575,-108.313835,0.026264769230769234,,,,0.0485218064516129,0.04868823333333334,0.05057680645161291,0.0471941,0.0394196,0.027990548387096775,,0.028652666666666667,0.02974426923076923,0.039775142857142856,0.0403902,,0.04565464516129032,,0.043537233333333335,0.045345166666666666,0.0419961,0.037284709677419356,0.03230088461538461,0.026556416666666666,0.028296333333333337,,0.03781403225806451,,0.0448333,0.0447843,0.042292166666666665,0.05033764516129032,0.039172566666666665,0.03555412903225807,,,0.03239858064516129,0.03496944444444444,0.04061293548387097,0.044025466666666666,0.045794133333333334,0.04508823333333333,0.05208916129032258,0.04727135483870967,0.04190783333333334,0.030482032258064517,,,0.032859451612903226,0.039511962962962964,0.04014606451612904,0.043862733333333334,0.04524474193548387,,0.045470709677419355,0.04328774193548387,,,
"Paonia, Colorado",38.8764,-107.6023,,,,,0.03895496666666667,0.03739558620689656,0.03718262068965517,0.0371482,0.033117633333333334,0.023918322580645163,,0.027835833333333334,0.029804483870967742,0.037231071428571426,0.04060775,0.043874500000000004,0.04402093548387097,0.0446765,0.03780596666666667,0.04056170967741935,,0.03686154838709678,0.03319325,0.029875933333333334,0.031184225806451613,0.03772213793103448,0.03720606896551724,0.04131113043478261,0.0422211724137931,0.04245873333333334,0.03822,0.046715599999999996,0.03745706896551724,0.03439470967741935,0.030811766666666667,0.030675482758620688,0.03330358064516129,0.03497132142857143,0.04054703333333333,0.04403136666666666,0.04555409677419355,0.042369785714285714,0.04726183870967742,0.04275467741935484,0.039746034482758624,0.03167793548387097,0.029426400000000002,0.03196165384615385,0.036002933333333334,0.041090777777777775,0.0418216,0.0444392,,,,,,,
"Paonia, Colorado",38.8764,-107.60229999999999,,,,0.0387702,,,,,,,0.027379666666666663,,,,,,,,,,0.03758495238095238,,,,,,,,,,,,,,,,,,,,,,,,,,,,,,,,0.045437000000000005,,,,,,
Paradox,38.34274299999999,-108.99495,,,,,,,0.04562744444444444,,,,,,,,,,,,,,,,,,,,,,,,,,,,,,,,,,,,,,,,,,,,,,,,,,,,
Paradox,38.342743,-108.99495,0.026096838709677418,,0.037943954545454545,0.04685282142857143,0.049422,0.047573896551724136,,0.04244118181818182,0.036723566666666665,0.027360612903225806,0.029953275862068966,0.026093961538461538,,,,,,,,,,,,,,,,,,,,,,,,,,,,,,,,,,,,,,,,,,,,,,,
Paradox,38.342743,-108.99494999999999,,0.034349950000000004,,,,,,,,,,,,,,,,,,,,,,,,,,,,,,,,,,,,,,,,,,,,,,,,,,,,,,,,,
Pawnee Buttes,40.813,-104.03600000000002,,0.0378086,,,,,,,,,,,,,,,,,,,,,,,,,,,,,,,,,,,,,,,,,,,,,,,,,,,,,,,,,
Pawnee Buttes,40.813,-104.036,0.03767124,,0.042869000000000004,0.04522943333333333,0.04738525806451613,0.04706211111111111,0.053463032258064515,0.04928348387096774,0.04044316666666667,0.032859769230769234,0.035603592592592596,,,,,,,,,,,,,,,,,,,,,,,,,,,,,,,,,,,,,,,,,,,,,,,,
Pawnee Buttes,40.813,-104.03599999999999,,,,,,,,,,,,0.0371012380952381,,,,,,,,,,,,,,,,,,,,,,,,,,,,,,,,,,,,,,,,,,,,,,,
Platteville Atmospheric Observatory,40.181625,-104.72613,,,,,,,,,,,,,,,,,,,,,,,,,,,,,,0.04008989473684211,0.04175217857142858,0.047837758620689654,0.03816590909090909,0.030229863636363638,,0.019747583333333332,0.02115173913043478,0.030401434782608695,,0.04007564285714286,,0.045367791666666664,0.05529025806451612,0.04963289655172414,,0.034760535714285716,,0.029350857142857144,0.02268306451612903,0.032163166666666666,0.03733770967741936,,0.042270111111111106,0.04712969565217391,0.04930827586206896,0.04902521428571428,0.040818071428571426,,
Platteville Atmospheric Observatory,40.181625000000004,-104.72613,,,,,,,,,,,,,,,,,,,,,,,,,,,,,,,,,,,0.0229628,,,,0.039602000000000005,,0.03788046666666667,,,,0.044079,,0.02864706666666667,,,,,0.042919599999999995,,,,,,,
ROCKY FLATS-N,39.912799,-105.188587,0.0363358064516129,0.03658928571428571,0.044290290322580646,0.047426357142857145,0.049740964285714284,0.05224848148148148,0.05692035483870968,0.05541753333333333,0.044878137931034484,0.03208167741935484,0.03640711111111111,0.03388716666666667,0.03550983333333333,0.03294314285714286,0.04379806666666666,0.044688481481481475,0.04181763333333333,0.04944316666666667,0.050185903225806454,0.05229606451612903,0.0482594,0.03676670967741936,0.03250203333333333,0.03666476666666667,0.03812353333333333,0.040827551724137934,0.03909042307692308,0.04699193103448276,0.045821633333333334,0.049420846153846155,0.04997158064516129,0.058265645161290326,0.050327555555555556,0.03796890322580645,0.037578172413793104,0.03637256666666667,0.03453890322580645,0.03455988888888889,0.0440823,0.045317666666666666,0.0430151935483871,0.05381376666666667,0.06218974193548387,0.05884616129032258,0.054490827586206894,0.04157674193548387,0.037082533333333334,0.03869016666666667,0.03681486206896552,0.04208192857142857,0.0430412,0.04816666666666667,0.04705877419354839,0.052176499999999994,0.05296587096774193,0.05513093548387096,0.04764903448275862,,
"Rangely, Golf Course",40.086944,-108.761389,0.02926196774193548,0.039455785714285714,0.0421765,0.0470353,0.05094576666666666,0.049931399999999994,0.05066863333333334,0.046432,0.038619766666666666,0.02566361290322581,0.025951000000000002,0.0256667,0.028999653846153845,0.043178607142857144,0.0428196,0.04098833333333333,0.042840645161290325,0.04468717857142857,0.042470612903225805,0.04245738709677419,0.04041175862068966,0.03457687096774193,0.02829407142857143,0.022717666666666667,0.03203990322580645,0.03931241379310345,0.036519137931034486,0.04029616666666667,0.04204273333333333,0.04357456666666667,0.04193158064516129,0.047990451612903225,0.03887903703703704,0.03377072413793104,0.028888233333333336,0.02725,0.03459715384615385,0.03552728571428571,0.03821563333333333,0.04217256666666667,0.04453529999999999,0.04451682142857143,0.050956322580645155,0.04855162068965517,0.041196500000000004,0.03066416129032258,0.02533926666666667,0.032275275862068964,0.033816000000000006,0.04096077777777778,0.0416518,0.0427647,0.04265886666666666,0.0461325,0.04461376666666667,0.04425303333333333,,,
Rifle-Health Dept,39.541819999999994,-107.784125,,0.027876714285714286,,,,,,,,,,,,0.031634357142857145,,,,,,,,,,,,,,,,,,,,,,,,0.030304642857142856,,,,,,,,,,,,,,,,,,,0.030773142857142857,,
Rifle-Health Dept,39.54182,-107.784125,0.018307806451612903,,0.03310986666666667,0.040509833333333335,0.04323154838709678,0.04373761111111111,0.04216887096774193,0.03892793548387097,0.03144831034482758,0.022239903225806452,0.020352833333333334,0.0204604,0.022328225806451614,,0.033531379310344826,0.03630227586206897,0.037009,0.039422384615384616,0.03347061290322581,0.03585103333333333,0.033451,0.02944406451612903,0.023026966666666666,0.019998033333333335,0.021846354838709676,0.03152941379310345,0.030617290322580645,0.03731956666666667,0.03944896666666666,0.03936273333333333,0.034297870967741936,0.04049906896551724,0.03139996666666667,0.027003838709677416,0.022035199999999998,0.020262733333333335,0.02378364516129032,,0.03442387096774194,0.03950203333333333,0.040768451612903225,0.0393589,0.04555025806451613,0.04134316666666667,0.03514473333333334,0.024561645161290325,0.017517733333333334,0.0222886,0.02575706451612903,0.03160781481481482,0.03435864516129032,0.0384549,0.038988580645161294,0.03943133333333334,0.03695825806451613,0.036516064516129036,,,
Ripple Creek Pass,40.084999999999994,-107.312,,,,,,0.054177896551724135,,,,,,,,,,,,,,,,,,,,,,,,,,,,,,,,,,,,,,,,,,,,,,,,,,,,,
Ripple Creek Pass,40.085,-107.312,,,,,,,0.05875716129032258,0.05627135483870968,0.0494289,0.031202666666666667,,,,,,,,,,,,,,,,,,,,,,,,,,,,,,,,,,,,,,,,,,,,,,,,,
Rocky Mountain NP - Long's Peak,40.27813,-105.54564,0.04368368852459017,0.045130226415094336,0.04802078333333334,0.05060688333333333,0.048397050000000004,0.0514127,0.05097254838709678,0.053121786885245895,0.04606794827586207,0.03552272580645161,0.043695851851851854,0.0427186,0.04458254838709677,0.04545483928571429,0.050372,0.047775896551724144,0.045182183333333334,0.047594685185185184,0.04317351666666667,0.0456132,0.04470384482758621,0.04104174193548387,0.04097088888888889,,0.04477049180327869,0.04466481818181818,0.04551793333333333,,0.0455333,0.04550463157894737,0.04569064516129032,0.05190762068965517,,,0.04120315517241379,,0.043112,0.04477861818181818,0.047306883333333334,0.04851145,0.04527693333333334,0.04928475,0.05500475806451613,0.05355304918032787,0.05051583333333333,0.04419824193548387,,0.04497363333333333,0.04662522580645161,0.04715507272727273,0.04716888709677419,0.05074905,,0.0485461,0.04747912765957447,0.048339233333333335,,,
Rocky Mountain NP - Long's Peak,40.27813,-105.54563999999999,,,,,,,,,,,,,,,,,,,,,,,,0.04487138983050848,,,,0.04842776271186441,,,,,0.044751152542372885,0.04088035593220339,,0.04168018644067797,,,,,,,,,,,0.04283303389830509,,,,,,0.047660084745762714,,,,,,
"Rocky Mountain School, Carbondale",,,,,,,,,,,,,,,,,,,,,,,,,,,,,,,,,,,,,,,,,,,,,,,,,,,,,,,,,,,,,
"Rocky Mountain School, Carbondale",39.4125,-107.23056000000001,,0.03282354166666667,,,,,,,,,,,,,,,,,,,,,,,,,,,,,,,,,,,0.035723125,0.039595625,,,,,,,,,,,,,,,,,,,,,
"Rocky Mountain School, Carbondale",39.4125,-107.23056,0.025066125,,,0.04338436666666667,0.04399248387096774,0.04346,0.043125533333333334,0.040687466666666665,0.03359457142857143,0.02338325806451613,0.0249609,,0.03050658064516129,0.0412605,0.038613464285714286,0.0428138,0.04166409677419355,0.04174575862068965,0.033597966666666666,0.032535999999999995,,,,0.0317451,0.03510048387096774,0.04333662068965517,0.04309611111111111,0.04628826666666667,0.04632832258064516,0.045629333333333334,0.04043451612903226,0.04730296296296296,0.038552833333333335,0.03772746666666667,0.0315863,0.030884266666666667,,,0.04093922580645161,0.04723323333333333,0.04525809677419355,0.043413758620689656,0.04576851612903226,0.04294870967741935,0.041201999999999996,0.03270974193548387,0.027302241379310345,0.031527566666666666,,,,,,,,,,,
"Rocky Mountain School, Carbondale",39.4125,-107.23055999999998,,,,,,,,,,,,,,,,,,,,,,,0.030949318181818185,,,,,,,,,,,,,,,,,,,,,,,,,,,,,,,,,,,,
"Rocky Mountain School, Carbondale",39.41250000000001,-107.23056,,,0.03836203846153846,,,,,,,,,0.029149384615384615,,,,,,,,,,,,,,,,,,,,,,,,,,,,,,,,,,,,,,,,,,,,,,,
Silt-Collbran,39.339999999999996,-107.71,,,,,0.055320678571428576,,,,,,,,,,,,,,,,,,,,,,,,,,,,,,,,,,,,,,,,,,,,,,,,,,,,,,
Silt-Collbran,39.34,-107.71000000000001,,,,,,,,,,0.03344346153846154,,,,,,,,,,,,,,,,,,,,,,,,,,,,,,,,,,,,,,,,,,,,,,,,,
Silt-Collbran,39.34,-107.71,,,,0.0557485625,,0.05374516666666666,0.0568291935483871,0.054540774193548386,0.04691766666666666,,,,,,,,,,,,,,,,,,,,,,,,,,,,,,,,,,,,,,,,,,,,,,,,,,
Sunlight Mountain,39.426,-107.38,0.04228658064516129,0.04185710714285714,0.04531109677419355,,0.05161287096774193,,,0.05756009677419355,,,,,,,,,,,,,,,,,,,,,,,,,,,,,,,,,,,,,,,,,,,,,,,,,,,
Sunlight Mountain,39.426,-107.37999999999998,,,,0.05027446666666667,,0.05447643333333333,0.060841233333333335,,0.0498726,0.03936206666666667,0.047431299999999996,0.047496133333333336,,,,,,,,,,,,,,,,,,,,,,,,,,,,,,,,,,,,,,,,,,,,,,,
TowaocUMU2,37.20006,-108.73310000000001,,,,,,,,,,,,,,,,,,,,,,,0.0370811724137931,,,0.038394068965517246,,,,,,,,,,,,,,,,0.04452741379310345,,,,,,,,,,,,0.045011931034482755,,,0.037736310344827585,,
TowaocUMU2,37.20006,-108.7331,,,,,,,,,,,,,,,,,,,,0.0469592,0.0442216,0.04249529032258064,,0.031329499999999996,0.03563183870967742,,0.04005096666666667,0.045841233333333335,0.04912943333333333,0.045050999999999994,0.04197283870967742,0.04938636666666667,0.043270600000000006,0.03826374193548387,0.0339294,0.0311589,0.034770419354838704,0.03827310714285714,0.041614774193548386,0.0440353,0.04917267741935484,,0.048252322580645164,0.04439370967741935,0.04057175,0.03583490322580645,0.03231373333333334,0.03145333333333333,0.032695357142857144,0.03873332142857143,0.04041738709677419,0.0438981,0.04617651612903226,,0.04685012903225806,0.04363564516129032,,,
Trout Creek Pass,38.91,-106.001,,,,0.055938,0.056080310344827584,0.053062733333333334,0.05607216129032258,0.053495193548387096,0.04612006666666667,0.03529625,,,,,,,,,,,,,,,,,,,,,,,,,,,,,,,,,,,,,,,,,,,,,,,,,
U.S. AIR FORCE ACADEMY,,,,,,,,,,,,,,,,,,,,,,,,,,,,,,,,,,,,,,,,,,,,,,,,,,,,,,,,,,,,,
U.S. AIR FORCE ACADEMY,38.95834099999999,-104.817215,,,,,,,,,,,,,,,,,,,,,,,,,,,,,,,,,,,,,,,,,,,,,0.04154025925925926,,,,,,,,,,,,,,
U.S. AIR FORCE ACADEMY,38.958341,-104.817215,0.025851000000000002,0.031749964285714284,0.04072458064516129,0.0451431,0.04483926666666667,0.04697646666666667,0.047672285714285716,0.04372487096774194,0.03533526666666666,0.02642857142857143,0.028775500000000002,0.026941,,,,,0.03849423076923077,0.041384333333333335,0.03959587096774194,0.043104428571428564,0.03906356666666667,0.030282709677419355,0.024913766666666667,0.026468666666666665,0.03053441935483871,0.03385996551724138,0.03577053333333333,0.04205886666666667,0.04340035483870967,,0.042580612903225804,0.04749332258064516,0.03889803333333333,0.031816,0.03036103448275862,0.02804903333333333,0.029102451612903226,0.03221632142857143,0.039673548387096774,0.04048796666666667,0.039785580645161286,0.04379023333333333,0.051537,0.05011206451612903,,0.03581416129032258,0.030284199999999997,0.033485655172413795,0.02848958064516129,0.03471007142857143,0.03776848387096774,0.046701793103448276,0.04390693333333333,0.041378766666666664,0.04166406451612903,0.043254258064516125,0.03477686206896552,,
U.S. AIR FORCE ACADEMY,38.958341,-104.81721499999999,,,,,,,,,,,,,,,,,,,,,,,,,,,,,,0.04190364,,,,,,,,,,,,,,,,,,,,,,,,,,,,,
UTE 1,,,,,,,,,,,,,,,,,,,,,,,,,,,,,,,,,,,,,,,,,,,,,,,,,,,,,,,,,,,,,
UTE 1,37.13678,-107.62863,0.023654333333333333,0.031788333333333335,,0.04393991304347826,0.04319420689655172,0.03857766666666667,0.04249417241379311,0.039699000000000005,0.033262733333333336,0.026689193548387096,0.02573148148148148,0.0238826875,,,,,,,0.037481695652173914,0.037041631578947375,,0.0335883,0.02943365,,0.02792035483870968,0.03224141379310345,0.034719346153846156,0.03993133333333333,0.0421255,0.04008036666666667,0.03662041935483871,0.04139213333333334,0.03695676666666667,0.031635166666666666,0.02671382142857143,0.02414406896551724,0.02850851724137931,0.034651714285714286,0.03844628571428571,0.04053353846153846,0.04312803448275862,0.04248454166666666,0.04315045161290323,,0.03819485714285714,0.03246637931034483,0.027960413793103447,,0.032795064516129034,0.03906938461538461,0.039909714285714284,0.04243006666666667,0.045200322580645165,0.04214914285714285,0.04424016129032258,0.039477,0.03470533333333334,0.029807035714285716,
UTE 1,37.13678,-107.62862999999999,,,0.035772319999999996,,,,,,,,,,,,,,,0.0421552,,,0.035759727272727276,,,0.02419840909090909,,,,,,,,,,,,,,,,,,,,0.040928519999999996,,,,0.0290014,,,,,,,,,,,
UTE 3,37.10258,-107.87021900000002,,,,,,,,,,,,,,,,,,,0.040133714285714286,,,,0.029928619047619048,,,,,,,,,,,,,,,,,,,,,,,,,,,,,,,,,,,,
UTE 3,37.10258,-107.870219,0.023808222222222224,0.03371977272727273,0.03755842857142857,0.04682417391304348,0.045391724137931036,0.04075413333333333,0.042736322580645164,0.042631633333333335,0.03565306896551724,0.027530962962962962,0.027353391304347826,0.024856172413793107,,0.0376765,0.0405866923076923,0.04242918518518519,0.043642821428571434,0.045530111111111105,,,0.03798208333333333,,,0.02441559090909091,0.027878516129032256,0.032880285714285716,0.03590269230769231,0.042221068965517236,0.04468258064516129,0.042746928571428575,,0.044025933333333336,0.04063903571428572,,0.02920146666666667,0.02503206896551724,0.029257724137931033,0.03537251851851852,0.04060345161290323,,0.046692322580645165,0.04441015384615384,0.048935818181818184,0.043615548387096775,,0.03386559259259259,0.0278313,0.027242291666666668,0.030774709677419354,,0.04106519230769231,0.04414896551724137,0.046593225806451616,0.04366576666666667,0.04521429032258065,0.04107034482758621,0.036969464285714286,0.029622741935483872,0.031
UTE 3,37.10258,-107.87021899999999,,,,,,,,,,,,,0.022217599999999997,,,,,,,0.04054075,,0.0350001,,,,,,,,,0.03845392,,,0.03255284,,,,,,0.04479064,,,,,0.04192552,,,,,0.03631056,,,,,,,,,
WELCH,39.638781,-105.13948000000002,,,,,,,,,0.03180538461538462,,,,,0.029314423076923078,,,,,,,,,,,,,,,,,,,,,,,,,,,,,,,,,,,,,,,,,,,,,
WELCH,39.638781,-105.13948,0.02786658064516129,0.027806037037037035,0.038456413793103446,0.04038015,0.04105871428571428,0.04451414814814814,0.048830874999999996,0.0478235625,,0.018899764705882352,0.02773404347826087,0.0278707,0.03090364,,0.03913096774193549,0.041448566666666666,0.039292172413793104,0.044790166666666666,0.045163857142857144,0.04857083870967742,0.04260103333333333,0.031180322580645164,0.026064666666666667,0.029305933333333332,0.03138043333333333,0.03523528571428571,0.03616893548387097,0.0424191724137931,0.04184825806451613,0.04338544827586207,0.043797666666666665,0.05293177419354839,0.04172546666666667,0.03200951612903226,0.0296978275862069,0.02932051724137931,,,,,,,,,,,,,,,,,,,,,,,
Welby,39.838119,-104.94984000000001,,,0.028333428571428572,,,,,,0.029003310344827584,,0.01847803448275862,,,,0.02924941379310345,,,,,0.03888641379310345,,,,0.012131666666666667,0.02029210344827586,0.0248681724137931,,,,,,,0.032284,,0.019068965517241382,,,0.027350560000000003,0.03359109523809524,,,,,,,,,,,,,,,,,,0.034348931034482756,,
Welby,39.838119,-104.94984,0.015352857142857142,0.022835750000000002,,0.03444906666666667,0.03639453333333333,,,,,,,,0.014972749999999998,,,0.0329432,0.0321334,0.036075866666666664,,,,0.021390366666666667,,,,,0.028927142857142856,0.035841200000000004,,0.03961335714285714,0.04198826666666667,,,0.023507866666666665,,0.016866666666666665,0.01971765,,,0.036419700000000006,0.03546214285714286,0.04361619230769231,,0.045390318181818184,0.03842093333333333,0.023972961538461537,0.01878925,0.01950895,0.02078925,0.027263115384615386,,0.04253916666666667,,0.04380769230769231,0.046258499999999994,0.047273071428571435,,,
Welby,39.838119,-104.94983999999998,,,,,,0.039466148148148146,0.04390329032258065,0.04120493548387097,,0.01874941935483871,,0.01695425925925926,,0.020713565217391306,,,,,0.03661861290322581,,0.03192533333333333,,0.015379913043478261,,,,,,0.03969885185185185,,,0.0460626129032258,,,,,,,,,,,0.051356806451612905,,,,,,,,0.03361109677419355,,0.04106209677419355,,,,,,
