"","mda8","site_name","date","lat","long","ndvi","elev","dist2road","road_length","tmax","rhmax","pmax","apr_dummy","may_dummy","jun_dummy","jul_dummy","aug_dummy","sep_dummy","oct_dummy","yr_2018_dummy","yr_2019_dummy","yr_2020_dummy","yr_2021_dummy","yr_2022_dummy"
"1",45.4372666666667,"Aurora East","Apr.2018",4387726.55200699,536954.607874674,0.114746414124966,1793.14,11202.39,0,289.815137433023,64.1394574053742,21.0817986496572,1,0,0,0,0,0,0,1,0,0,0,0
"2",43.2048518518518,"Boulder Reservoir","Apr.2018",4435551.59190482,481219.757377929,0.134466394782066,1593.88,544.8,0,290.429262317243,66.0054639441137,26.9872858148333,1,0,0,0,0,0,0,1,0,0,0,0
"3",37.6382962962963,"Denver - Camp","Apr.2018",4400141.7439919,501060.150274915,0.0735567212104797,1609.04,1174.89,0,291.29320497762,62.6608816427389,27.1096770839854,1,0,0,0,0,0,0,1,0,0,0,0
"4",45.8984827586207,"Highland Reservoir","Apr.2018",4379799.5690241,503676.920669985,0.083717480301857,1746.35,280.62,3251.26803095015,290.137174580515,62.5149692010685,30.6529436209109,1,0,0,0,0,0,0,1,0,0,0,0
"5",37.2462592592593,"La Casa","Apr.2018",4403283.24524375,499556.417760965,0.179630801081657,1609.04,413,1231.81849937004,291.29320497762,62.6608816427389,27.1096770839854,1,0,0,0,0,0,0,1,0,0,0,0
"6",43.7433,"National Renewable Energy Labs - Nrel","Apr.2018",4399328.86408448,484750.26306303,0.130036756396294,1766.56,1430.77,0,288.942108372746,63.7207804915692,27.4464829576706,1,0,0,0,0,0,0,1,0,0,0,0
"7",47.4263571428571,"Rocky Flats-N","Apr.2018",4418095.85351409,483881.807056902,0.152818724513054,1728.49,68.83,2405.23123209667,289.504963808178,61.6158006177658,31.3984948385316,1,0,0,0,0,0,0,1,0,0,0,0
"8",34.4490666666667,"Welby","Apr.2018",4409791.4662312,504291.736186258,0.133760914206505,1592.47,818.31,0,291.436353870684,64.1424239759322,24.0951271626138,1,0,0,0,0,0,0,1,0,0,0,0
"9",47.593935483871,"Aurora East","May.2018",4387726.55200699,536954.607874674,0.114746414124966,1793.14,11202.39,0,296.359480687815,70.9364155998179,52.9132152536906,0,1,0,0,0,0,0,1,0,0,0,0
"10",45.0235333333333,"Boulder Reservoir","May.2018",4435551.59190482,481219.757377929,0.134466394782066,1593.88,544.8,0,296.150318626452,73.2617252218625,120.930705538868,0,1,0,0,0,0,0,1,0,0,0,0
"11",39.2315161290323,"Denver - Camp","May.2018",4400141.7439919,501060.150274915,0.0735567212104797,1609.04,1174.89,0,297.680232542508,69.6127681800877,49.6092402321276,0,1,0,0,0,0,0,1,0,0,0,0
"12",48.2762,"Highland Reservoir","May.2018",4379799.5690241,503676.920669985,0.083717480301857,1746.35,280.62,3251.26803095015,296.707228142297,64.8490715055521,57.2525796778993,0,1,0,0,0,0,0,1,0,0,0,0
"13",40.0209677419355,"La Casa","May.2018",4403283.24524375,499556.417760965,0.179630801081657,1609.04,413,1231.81849937004,297.680232542508,69.6127681800877,49.6092402321276,0,1,0,0,0,0,0,1,0,0,0,0
"14",45.8443548387097,"National Renewable Energy Labs - Nrel","May.2018",4399328.86408448,484750.26306303,0.130036756396294,1766.56,1430.77,0,294.687438439495,66.2064140081084,80.0576753002853,0,1,0,0,0,0,0,1,0,0,0,0
"15",49.7409642857143,"Rocky Flats-N","May.2018",4418095.85351409,483881.807056902,0.152818724513054,1728.49,68.83,2405.23123209667,295.309576270118,67.877585374958,105.859104056031,0,1,0,0,0,0,0,1,0,0,0,0
"16",36.3945333333333,"Welby","May.2018",4409791.4662312,504291.736186258,0.133760914206505,1592.47,818.31,0,297.285698921196,71.4847174894448,35.793677356268,0,1,0,0,0,0,0,1,0,0,0,0
"17",49.6127586206897,"Aurora East","Jun.2018",4387726.55200699,536954.607874674,0.114746414124966,1793.14,11202.39,0,303.529651623668,57.0366305242185,35.6235289832145,0,0,1,0,0,0,0,1,0,0,0,0
"18",47.4288275862069,"Boulder Reservoir","Jun.2018",4435551.59190482,481219.757377929,0.134466394782066,1593.88,544.8,0,303.529143140765,59.1521821293678,52.2612478960568,0,0,1,0,0,0,0,1,0,0,0,0
"19",42.0993448275862,"Denver - Camp","Jun.2018",4400141.7439919,501060.150274915,0.0735567212104797,1609.04,1174.89,0,305.023586397991,55.8984505669371,22.219838160082,0,0,1,0,0,0,0,1,0,0,0,0
"20",50.8289615384615,"Highland Reservoir","Jun.2018",4379799.5690241,503676.920669985,0.083717480301857,1746.35,280.62,3251.26803095015,303.547822219047,52.530670128791,20.8465606926437,0,0,1,0,0,0,0,1,0,0,0,0
"21",43.0344,"La Casa","Jun.2018",4403283.24524375,499556.417760965,0.179630801081657,1609.04,413,1231.81849937004,305.023586397991,55.8984505669371,22.219838160082,0,0,1,0,0,0,0,1,0,0,0,0
"22",49.2372,"National Renewable Energy Labs - Nrel","Jun.2018",4399328.86408448,484750.26306303,0.130036756396294,1766.56,1430.77,0,302.05196387958,53.8973666969433,23.7986449719992,0,0,1,0,0,0,0,1,0,0,0,0
"23",52.2484814814815,"Rocky Flats-N","Jun.2018",4418095.85351409,483881.807056902,0.152818724513054,1728.49,68.83,2405.23123209667,302.725340372571,54.3379397602463,22.0251343882854,0,0,1,0,0,0,0,1,0,0,0,0
"24",39.4661481481481,"Welby","Jun.2018",4409791.4662312,504291.736186258,0.133760914206505,1592.47,818.31,0,304.999890115998,56.6080765709436,19.2964955025818,0,0,1,0,0,0,0,1,0,0,0,0
"25",53.1075517241379,"Aurora East","Jul.2018",4387726.55200699,536954.607874674,0.114746414124966,1793.14,11202.39,0,304.256632674507,73.1636230438858,68.5027077221847,0,0,0,1,0,0,0,1,0,0,0,0
"26",51.8672258064516,"Boulder Reservoir","Jul.2018",4435551.59190482,481219.757377929,0.134466394782066,1593.88,544.8,0,304.44951486064,74.2985145444061,55.2691670240871,0,0,0,1,0,0,0,1,0,0,0,0
"27",47.169,"Denver - Camp","Jul.2018",4400141.7439919,501060.150274915,0.0735567212104797,1609.04,1174.89,0,305.811498964009,70.3812666201578,45.9273141732448,0,0,0,1,0,0,0,1,0,0,0,0
"28",54.4706333333333,"Highland Reservoir","Jul.2018",4379799.5690241,503676.920669985,0.083717480301857,1746.35,280.62,3251.26803095015,304.279424459853,71.1081236937016,66.9530343507141,0,0,0,1,0,0,0,1,0,0,0,0
"29",46.8110322580645,"La Casa","Jul.2018",4403283.24524375,499556.417760965,0.179630801081657,1609.04,413,1231.81849937004,305.811498964009,70.3812666201578,45.9273141732448,0,0,0,1,0,0,0,1,0,0,0,0
"30",51.955875,"National Renewable Energy Labs - Nrel","Jul.2018",4399328.86408448,484750.26306303,0.130036756396294,1766.56,1430.77,0,303.088503372918,71.1825520411462,45.9555674881372,0,0,0,1,0,0,0,1,0,0,0,0
"31",56.9203548387097,"Rocky Flats-N","Jul.2018",4418095.85351409,483881.807056902,0.152818724513054,1728.49,68.83,2405.23123209667,303.821985674171,67.1273755520953,44.743707465509,0,0,0,1,0,0,0,1,0,0,0,0
"32",43.9032903225806,"Welby","Jul.2018",4409791.4662312,504291.736186258,0.133760914206505,1592.47,818.31,0,305.719913336405,71.4541618362542,73.4405874235439,0,0,0,1,0,0,0,1,0,0,0,0
"33",49.2411290322581,"Aurora East","Aug.2018",4387726.55200699,536954.607874674,0.114746414124966,1793.14,11202.39,0,302.050691248005,75.0435867034524,46.6024618561046,0,0,0,0,1,0,0,1,0,0,0,0
"34",50.0759032258064,"Boulder Reservoir","Aug.2018",4435551.59190482,481219.757377929,0.134466394782066,1593.88,544.8,0,302.923874475306,74.0192982520131,19.7193232944244,0,0,0,0,1,0,0,1,0,0,0,0
"35",43.549,"Denver - Camp","Aug.2018",4400141.7439919,501060.150274915,0.0735567212104797,1609.04,1174.89,0,303.476678137172,73.5692441993313,19.5823270750367,0,0,0,0,1,0,0,1,0,0,0,0
"36",49.6375483870968,"Highland Reservoir","Aug.2018",4379799.5690241,503676.920669985,0.083717480301857,1746.35,280.62,3251.26803095015,302.075604192106,72.8134637043864,39.1865538160185,0,0,0,0,1,0,0,1,0,0,0,0
"37",44.3514230769231,"La Casa","Aug.2018",4403283.24524375,499556.417760965,0.179630801081657,1609.04,413,1231.81849937004,303.476678137172,73.5692441993313,19.5823270750367,0,0,0,0,1,0,0,1,0,0,0,0
"38",54.8906206896552,"National Renewable Energy Labs - Nrel","Aug.2018",4399328.86408448,484750.26306303,0.130036756396294,1766.56,1430.77,0,301.34133336212,71.8050303313136,21.2017780955323,0,0,0,0,1,0,0,1,0,0,0,0
"39",55.4175333333333,"Rocky Flats-N","Aug.2018",4418095.85351409,483881.807056902,0.152818724513054,1728.49,68.83,2405.23123209667,302.264786520385,67.8239081188934,30.446535230769,0,0,0,0,1,0,0,1,0,0,0,0
"40",41.204935483871,"Welby","Aug.2018",4409791.4662312,504291.736186258,0.133760914206505,1592.47,818.31,0,303.69299799036,73.1716821140048,20.4640099932813,0,0,0,0,1,0,0,1,0,0,0,0
"41",39.1784,"Aurora East","Sep.2018",4387726.55200699,536954.607874674,0.114746414124966,1793.14,11202.39,0,299.996151879892,66.5414593755355,15.0074458600304,0,0,0,0,0,1,0,1,0,0,0,0
"42",39.2823,"Boulder Reservoir","Sep.2018",4435551.59190482,481219.757377929,0.134466394782066,1593.88,544.8,0,300.615621680472,63.1507823582197,14.0755503911772,0,0,0,0,0,1,0,1,0,0,0,0
"43",31.0226333333333,"Denver - Camp","Sep.2018",4400141.7439919,501060.150274915,0.0735567212104797,1609.04,1174.89,0,301.107769266964,63.62267352622,41.0185749201069,0,0,0,0,0,1,0,1,0,0,0,0
"44",39.9736551724138,"Highland Reservoir","Sep.2018",4379799.5690241,503676.920669985,0.083717480301857,1746.35,280.62,3251.26803095015,300.064900385996,59.4525423695552,15.9128843444886,0,0,0,0,0,1,0,1,0,0,0,0
"45",31.3765333333333,"La Casa","Sep.2018",4403283.24524375,499556.417760965,0.179630801081657,1609.04,413,1231.81849937004,301.107769266964,63.62267352622,41.0185749201069,0,0,0,0,0,1,0,1,0,0,0,0
"46",45.0557333333333,"National Renewable Energy Labs - Nrel","Sep.2018",4399328.86408448,484750.26306303,0.130036756396294,1766.56,1430.77,0,299.025536185447,60.0386476051362,57.5549893507191,0,0,0,0,0,1,0,1,0,0,0,0
"47",44.8781379310345,"Rocky Flats-N","Sep.2018",4418095.85351409,483881.807056902,0.152818724513054,1728.49,68.83,2405.23123209667,299.840559637928,56.7063894453885,22.544430211611,0,0,0,0,0,1,0,1,0,0,0,0
"48",29.0033103448276,"Welby","Sep.2018",4409791.4662312,504291.736186258,0.133760914206505,1592.47,818.31,0,301.363723027977,63.6143260643135,45.945319615913,0,0,0,0,0,1,0,1,0,0,0,0
"49",30.8386774193548,"Aurora East","Oct.2018",4387726.55200699,536954.607874674,0.114746414124966,1793.14,11202.39,0,288.34492463924,78.6806070420425,41.2793198967448,0,0,0,0,0,0,1,1,0,0,0,0
"50",29.5718,"Boulder Reservoir","Oct.2018",4435551.59190482,481219.757377929,0.134466394782066,1593.88,544.8,0,289.263653441752,76.0861116038761,49.2066628272978,0,0,0,0,0,0,1,1,0,0,0,0
"51",18.9804666666667,"Denver - Camp","Oct.2018",4400141.7439919,501060.150274915,0.0735567212104797,1609.04,1174.89,0,289.519823257613,78.5298335845346,28.6561108086762,0,0,0,0,0,0,1,1,0,0,0,0
"52",28.1006129032258,"Highland Reservoir","Oct.2018",4379799.5690241,503676.920669985,0.083717480301857,1746.35,280.62,3251.26803095015,288.564523487593,78.4936962449612,35.530587911384,0,0,0,0,0,0,1,1,0,0,0,0
"53",18.4914838709677,"La Casa","Oct.2018",4403283.24524375,499556.417760965,0.179630801081657,1609.04,413,1231.81849937004,289.519823257613,78.5298335845346,28.6561108086762,0,0,0,0,0,0,1,1,0,0,0,0
"54",30.7545483870968,"National Renewable Energy Labs - Nrel","Oct.2018",4399328.86408448,484750.26306303,0.130036756396294,1766.56,1430.77,0,288.209907063968,75.4008817759942,36.9106413065531,0,0,0,0,0,0,1,1,0,0,0,0
"55",32.0816774193548,"Rocky Flats-N","Oct.2018",4418095.85351409,483881.807056902,0.152818724513054,1728.49,68.83,2405.23123209667,288.365963209565,68.9591826867512,43.1936498515149,0,0,0,0,0,0,1,1,0,0,0,0
"56",18.7494193548387,"Welby","Oct.2018",4409791.4662312,504291.736186258,0.133760914206505,1592.47,818.31,0,289.66260635166,77.4586775425936,25.7410393687339,0,0,0,0,0,0,1,1,0,0,0,0
"57",44.1962,"Aurora East","Apr.2019",4387726.55200699,536954.607874674,0.193965286016464,1793.14,11202.39,0,289.498652242542,73.5188720543344,21.803565900557,1,0,0,0,0,0,0,0,1,0,0,0
"58",41.2077931034483,"Boulder Reservoir","Apr.2019",4435551.59190482,481219.757377929,0.167513355612755,1593.88,544.8,0,290.485905319403,72.8964318036005,40.586719982616,1,0,0,0,0,0,0,0,1,0,0,0
"59",34.3588,"Denver - Camp","Apr.2019",4400141.7439919,501060.150274915,0.0889506191015244,1609.04,1174.89,0,290.916568250114,69.9148398959389,23.4065926206189,1,0,0,0,0,0,0,0,1,0,0,0
"60",40.4049615384615,"Highland Reservoir","Apr.2019",4379799.5690241,503676.920669985,0.130471035838127,1746.35,280.62,3251.26803095015,289.69017581666,71.7383647807741,24.9314445422414,1,0,0,0,0,0,0,0,1,0,0,0
"61",34.6188461538461,"La Casa","Apr.2019",4403283.24524375,499556.417760965,0.218206942081451,1609.04,413,1231.81849937004,290.916568250114,69.9148398959389,23.4065926206189,1,0,0,0,0,0,0,0,1,0,0,0
"62",42.1875833333333,"National Renewable Energy Labs - Nrel","Apr.2019",4399328.86408448,484750.26306303,0.208784013986588,1766.56,1430.77,0,288.67159326824,69.240562356629,29.3499492455277,1,0,0,0,0,0,0,0,1,0,0,0
"63",44.6884814814815,"Rocky Flats-N","Apr.2019",4418095.85351409,483881.807056902,0.195075735449791,1728.49,68.83,2405.23123209667,289.443572357098,66.6923677850759,36.1434942151055,1,0,0,0,0,0,0,0,1,0,0,0
"64",32.9432,"Welby","Apr.2019",4409791.4662312,504291.736186258,0.219603702425957,1592.47,818.31,0,290.741748203052,71.0033869574971,24.9832677665271,1,0,0,0,0,0,0,0,1,0,0,0
"65",43.0953666666667,"Aurora East","May.2019",4387726.55200699,536954.607874674,0.193965286016464,1793.14,11202.39,0,290.093903117336,78.0559329079742,100.415068709639,0,1,0,0,0,0,0,0,1,0,0,0
"66",39.2781290322581,"Boulder Reservoir","May.2019",4435551.59190482,481219.757377929,0.167513355612755,1593.88,544.8,0,290.787658214497,78.5667839734682,67.0626240134906,0,1,0,0,0,0,0,0,1,0,0,0
"67",33.9624838709677,"Denver - Camp","May.2019",4400141.7439919,501060.150274915,0.0889506191015244,1609.04,1174.89,0,291.679848541549,75.8133120118365,67.7802843387182,0,1,0,0,0,0,0,0,1,0,0,0
"68",41.6906129032258,"Highland Reservoir","May.2019",4379799.5690241,503676.920669985,0.130471035838127,1746.35,280.62,3251.26803095015,290.428652324171,75.2628170375555,71.6271235632197,0,1,0,0,0,0,0,0,1,0,0,0
"69",33.8254193548387,"La Casa","May.2019",4403283.24524375,499556.417760965,0.218206942081451,1609.04,413,1231.81849937004,291.679848541549,75.8133120118365,67.7802843387182,0,1,0,0,0,0,0,0,1,0,0,0
"70",41.7385806451613,"National Renewable Energy Labs - Nrel","May.2019",4399328.86408448,484750.26306303,0.208784013986588,1766.56,1430.77,0,289.100520047792,75.1292161733511,72.7706116299388,0,1,0,0,0,0,0,0,1,0,0,0
"71",41.8176333333333,"Rocky Flats-N","May.2019",4418095.85351409,483881.807056902,0.195075735449791,1728.49,68.83,2405.23123209667,289.738997176975,74.3203043036688,76.9942301353118,0,1,0,0,0,0,0,0,1,0,0,0
"72",32.1334,"Welby","May.2019",4409791.4662312,504291.736186258,0.219603702425957,1592.47,818.31,0,291.428647539343,77.1386813041585,55.364353350319,0,1,0,0,0,0,0,0,1,0,0,0
"73",47.449,"Aurora East","Jun.2019",4387726.55200699,536954.607874674,0.193965286016464,1793.14,11202.39,0,299.223630257219,70.8825402843819,82.1506024798497,0,0,1,0,0,0,0,0,1,0,0,0
"74",45.8864827586207,"Boulder Reservoir","Jun.2019",4435551.59190482,481219.757377929,0.167513355612755,1593.88,544.8,0,300.300943501107,72.425313922981,66.4869257868936,0,0,1,0,0,0,0,0,1,0,0,0
"75",41.0539,"Denver - Camp","Jun.2019",4400141.7439919,501060.150274915,0.0889506191015244,1609.04,1174.89,0,301.032019829769,71.9119395514163,24.0139159336119,0,0,1,0,0,0,0,0,1,0,0,0
"76",48.4842,"Highland Reservoir","Jun.2019",4379799.5690241,503676.920669985,0.130471035838127,1746.35,280.62,3251.26803095015,299.447404387089,71.3258082727698,53.7343030966835,0,0,1,0,0,0,0,0,1,0,0,0
"77",40.7891724137931,"La Casa","Jun.2019",4403283.24524375,499556.417760965,0.218206942081451,1609.04,413,1231.81849937004,301.032019829769,71.9119395514163,24.0139159336119,0,0,1,0,0,0,0,0,1,0,0,0
"78",48.8185333333333,"National Renewable Energy Labs - Nrel","Jun.2019",4399328.86408448,484750.26306303,0.208784013986588,1766.56,1430.77,0,298.365780927083,69.7925576787228,42.3840021617264,0,0,1,0,0,0,0,0,1,0,0,0
"79",49.4431666666667,"Rocky Flats-N","Jun.2019",4418095.85351409,483881.807056902,0.195075735449791,1728.49,68.83,2405.23123209667,299.27803468416,68.091462412868,62.4256589346441,0,0,1,0,0,0,0,0,1,0,0,0
"80",36.0758666666667,"Welby","Jun.2019",4409791.4662312,504291.736186258,0.219603702425957,1592.47,818.31,0,301.113402105529,72.041707309392,24.7171018866576,0,0,1,0,0,0,0,0,1,0,0,0
"81",47.2315161290323,"Aurora East","Jul.2019",4387726.55200699,536954.607874674,0.193965286016464,1793.14,11202.39,0,304.78704667918,70.2088585034518,65.1781242343368,0,0,0,1,0,0,0,0,1,0,0,0
"82",45.1000333333333,"Boulder Reservoir","Jul.2019",4435551.59190482,481219.757377929,0.167513355612755,1593.88,544.8,0,305.030050783476,71.4632008383637,48.6708176689757,0,0,0,1,0,0,0,0,1,0,0,0
"83",42.3392,"Denver - Camp","Jul.2019",4400141.7439919,501060.150274915,0.0889506191015244,1609.04,1174.89,0,306.050741603765,67.6400047058927,69.3813212484102,0,0,0,1,0,0,0,0,1,0,0,0
"84",48.4723870967742,"Highland Reservoir","Jul.2019",4379799.5690241,503676.920669985,0.130471035838127,1746.35,280.62,3251.26803095015,304.914073805997,68.4287719830254,54.2977573775269,0,0,0,1,0,0,0,0,1,0,0,0
"85",41.4708620689655,"La Casa","Jul.2019",4403283.24524375,499556.417760965,0.218206942081451,1609.04,413,1231.81849937004,306.050741603765,67.6400047058927,69.3813212484102,0,0,0,1,0,0,0,0,1,0,0,0
"86",50.2846451612903,"National Renewable Energy Labs - Nrel","Jul.2019",4399328.86408448,484750.26306303,0.208784013986588,1766.56,1430.77,0,303.445724516435,68.4544788493421,71.6832045826763,0,0,0,1,0,0,0,0,1,0,0,0
"87",50.1859032258064,"Rocky Flats-N","Jul.2019",4418095.85351409,483881.807056902,0.195075735449791,1728.49,68.83,2405.23123209667,304.322469720341,64.9018878098148,61.3654916649434,0,0,0,1,0,0,0,0,1,0,0,0
"88",36.6186129032258,"Welby","Jul.2019",4409791.4662312,504291.736186258,0.219603702425957,1592.47,818.31,0,306.325433931633,69.0736830540753,66.7616878877679,0,0,0,1,0,0,0,0,1,0,0,0
"89",49.8402580645161,"Aurora East","Aug.2019",4387726.55200699,536954.607874674,0.193965286016464,1793.14,11202.39,0,304.436920221928,68.6828332521398,26.2789490132431,0,0,0,0,1,0,0,0,1,0,0,0
"90",46.6698387096774,"Boulder Reservoir","Aug.2019",4435551.59190482,481219.757377929,0.167513355612755,1593.88,544.8,0,305.024659837105,68.2598506234692,15.2440710640493,0,0,0,0,1,0,0,0,1,0,0,0
"91",44.2433870967742,"Denver - Camp","Aug.2019",4400141.7439919,501060.150274915,0.0889506191015244,1609.04,1174.89,0,305.965166047418,64.3314157273857,17.958788466078,0,0,0,0,1,0,0,0,1,0,0,0
"92",51.4705806451613,"Highland Reservoir","Aug.2019",4379799.5690241,503676.920669985,0.130471035838127,1746.35,280.62,3251.26803095015,304.553304570378,63.8332158611905,21.6584657346982,0,0,0,0,1,0,0,0,1,0,0,0
"93",42.5103870967742,"La Casa","Aug.2019",4403283.24524375,499556.417760965,0.218206942081451,1609.04,413,1231.81849937004,305.965166047418,64.3314157273857,17.958788466078,0,0,0,0,1,0,0,0,1,0,0,0
"94",51.9450322580645,"National Renewable Energy Labs - Nrel","Aug.2019",4399328.86408448,484750.26306303,0.208784013986588,1766.56,1430.77,0,303.353708123695,64.5053526482897,13.0081492471335,0,0,0,0,1,0,0,0,1,0,0,0
"95",52.296064516129,"Rocky Flats-N","Aug.2019",4418095.85351409,483881.807056902,0.195075735449791,1728.49,68.83,2405.23123209667,304.240752082689,62.0502284472188,10.3676675349507,0,0,0,0,1,0,0,0,1,0,0,0
"96",38.8864137931035,"Welby","Aug.2019",4409791.4662312,504291.736186258,0.219603702425957,1592.47,818.31,0,305.880314016792,65.2762329347022,2.99040387191672,0,0,0,0,1,0,0,0,1,0,0,0
"97",44.0182068965517,"Aurora East","Sep.2019",4387726.55200699,536954.607874674,0.193965286016464,1793.14,11202.39,0,301.972339616666,62.7470074718048,27.5584910431119,0,0,0,0,0,1,0,0,1,0,0,0
"98",41.7971379310345,"Boulder Reservoir","Sep.2019",4435551.59190482,481219.757377929,0.167513355612755,1593.88,544.8,0,301.824092231058,60.6605409718395,19.6250524626662,0,0,0,0,0,1,0,0,1,0,0,0
"99",34.8627407407407,"Denver - Camp","Sep.2019",4400141.7439919,501060.150274915,0.0889506191015244,1609.04,1174.89,0,302.387768187098,61.7489116408653,15.4805841231797,0,0,0,0,0,1,0,0,1,0,0,0
"100",43.8844137931034,"Highland Reservoir","Sep.2019",4379799.5690241,503676.920669985,0.130471035838127,1746.35,280.62,3251.26803095015,301.9434761665,57.0584384344418,38.0344174716763,0,0,0,0,0,1,0,0,1,0,0,0
"101",34.0765,"La Casa","Sep.2019",4403283.24524375,499556.417760965,0.218206942081451,1609.04,413,1231.81849937004,302.387768187098,61.7489116408653,15.4805841231797,0,0,0,0,0,1,0,0,1,0,0,0
"102",46.2351724137931,"National Renewable Energy Labs - Nrel","Sep.2019",4399328.86408448,484750.26306303,0.208784013986588,1766.56,1430.77,0,300.267051447625,58.3419769057855,16.7945009078346,0,0,0,0,0,1,0,0,1,0,0,0
"103",48.2594,"Rocky Flats-N","Sep.2019",4418095.85351409,483881.807056902,0.195075735449791,1728.49,68.83,2405.23123209667,300.979622249406,54.3692637764604,11.8934668426775,0,0,0,0,0,1,0,0,1,0,0,0
"104",31.9253333333333,"Welby","Sep.2019",4409791.4662312,504291.736186258,0.219603702425957,1592.47,818.31,0,302.72997342273,60.9436675952023,15.120611529704,0,0,0,0,0,1,0,0,1,0,0,0
"105",36.4744193548387,"Aurora East","Oct.2019",4387726.55200699,536954.607874674,0.193965286016464,1793.14,11202.39,0,287.386559368271,67.5000577965444,33.8795699884624,0,0,0,0,0,0,1,0,1,0,0,0
"106",30.6451,"Boulder Reservoir","Oct.2019",4435551.59190482,481219.757377929,0.167513355612755,1593.88,544.8,0,287.795460960655,67.2690515608805,41.2537674595291,0,0,0,0,0,0,1,0,1,0,0,0
"107",23.1431666666667,"Denver - Camp","Oct.2019",4400141.7439919,501060.150274915,0.0889506191015244,1609.04,1174.89,0,288.315739629749,67.1470538205112,41.1011085553566,0,0,0,0,0,0,1,0,1,0,0,0
"108",32.6414193548387,"Highland Reservoir","Oct.2019",4379799.5690241,503676.920669985,0.130471035838127,1746.35,280.62,3251.26803095015,287.660070346022,66.4345263838969,37.0117501761823,0,0,0,0,0,0,1,0,1,0,0,0
"109",21.1559285714286,"La Casa","Oct.2019",4403283.24524375,499556.417760965,0.218206942081451,1609.04,413,1231.81849937004,288.315739629749,67.1470538205112,41.1011085553566,0,0,0,0,0,0,1,0,1,0,0,0
"110",34.1423548387097,"National Renewable Energy Labs - Nrel","Oct.2019",4399328.86408448,484750.26306303,0.208784013986588,1766.56,1430.77,0,286.540441854594,63.8294824518451,49.7010487494594,0,0,0,0,0,0,1,0,1,0,0,0
"111",36.7667096774194,"Rocky Flats-N","Oct.2019",4418095.85351409,483881.807056902,0.195075735449791,1728.49,68.83,2405.23123209667,286.94332234575,60.8313800212026,37.1024287319386,0,0,0,0,0,0,1,0,1,0,0,0
"112",21.3903666666667,"Welby","Oct.2019",4409791.4662312,504291.736186258,0.219603702425957,1592.47,818.31,0,288.334483136152,67.3336808308705,36.5490515188962,0,0,0,0,0,0,1,0,1,0,0,0
"113",43.6875862068965,"Aurora East","Apr.2020",4387726.55200699,536954.607874674,0.12355038523674,1793.14,11202.39,0,288.665641532551,68.4698762851042,15.7283166370153,1,0,0,0,0,0,0,0,0,1,0,0
"114",42.5724615384615,"Boulder Reservoir","Apr.2020",4435551.59190482,481219.757377929,0.161106437444687,1593.88,544.8,0,289.222065963478,69.9854480736458,56.0156088184984,1,0,0,0,0,0,0,0,0,1,0,0
"115",35.5050344827586,"Denver - Camp","Apr.2020",4400141.7439919,501060.150274915,0.0751824602484703,1609.04,1174.89,0,290.071181554009,68.8339315611172,30.3357639904439,1,0,0,0,0,0,0,0,0,1,0,0
"116",44.2784333333333,"Highland Reservoir","Apr.2020",4379799.5690241,503676.920669985,0.105289801955223,1746.35,280.62,3251.26803095015,288.857642714717,70.1030900576827,27.6768355533397,1,0,0,0,0,0,0,0,0,1,0,0
"117",36.3726333333333,"La Casa","Apr.2020",4403283.24524375,499556.417760965,0.232037946581841,1609.04,413,1231.81849937004,290.071181554009,68.8339315611172,30.3357639904439,1,0,0,0,0,0,0,0,0,1,0,0
"118",42.9121034482759,"National Renewable Energy Labs - Nrel","Apr.2020",4399328.86408448,484750.26306303,0.167736664414406,1766.56,1430.77,0,288.135393801366,68.5026535772433,40.2287964822615,1,0,0,0,0,0,0,0,0,1,0,0
"119",46.9919310344828,"Rocky Flats-N","Apr.2020",4418095.85351409,483881.807056902,0.170526564121246,1728.49,68.83,2405.23123209667,288.409922776524,65.8746345023771,55.7066720618159,1,0,0,0,0,0,0,0,0,1,0,0
"120",35.8412,"Welby","Apr.2020",4409791.4662312,504291.736186258,0.17432376742363,1592.47,818.31,0,290.051535963625,68.759846360625,34.7826279043926,1,0,0,0,0,0,0,0,0,1,0,0
"121",43.4459677419355,"Aurora East","May.2020",4387726.55200699,536954.607874674,0.12355038523674,1793.14,11202.39,0,296.298998845774,75.7315705114682,60.1328685143393,0,1,0,0,0,0,0,0,0,1,0,0
"122",42.6238571428571,"Boulder Reservoir","May.2020",4435551.59190482,481219.757377929,0.161106437444687,1593.88,544.8,0,296.410999942768,76.7781748750419,44.1956395481201,0,1,0,0,0,0,0,0,0,1,0,0
"123",37.6792258064516,"Denver - Camp","May.2020",4400141.7439919,501060.150274915,0.0751824602484703,1609.04,1174.89,0,297.217784229474,74.4696125572618,40.9550402392677,0,1,0,0,0,0,0,0,0,1,0,0
"124",45.7424193548387,"Highland Reservoir","May.2020",4379799.5690241,503676.920669985,0.105289801955223,1746.35,280.62,3251.26803095015,296.596260574718,72.3912050522531,31.8421903837706,0,1,0,0,0,0,0,0,0,1,0,0
"125",39.1561724137931,"La Casa","May.2020",4403283.24524375,499556.417760965,0.232037946581841,1609.04,413,1231.81849937004,297.217784229474,74.4696125572618,40.9550402392677,0,1,0,0,0,0,0,0,0,1,0,0
"126",47.2196333333333,"National Renewable Energy Labs - Nrel","May.2020",4399328.86408448,484750.26306303,0.167736664414406,1766.56,1430.77,0,295.237016900582,71.8011587822763,46.0494133161741,0,1,0,0,0,0,0,0,0,1,0,0
"127",45.8216333333333,"Rocky Flats-N","May.2020",4418095.85351409,483881.807056902,0.170526564121246,1728.49,68.83,2405.23123209667,295.652654535947,72.7833048281228,41.6800397327427,0,1,0,0,0,0,0,0,0,1,0,0
"128",39.6988518518519,"Welby","May.2020",4409791.4662312,504291.736186258,0.17432376742363,1592.47,818.31,0,297.097365029612,74.0137485217246,35.7574674417804,0,1,0,0,0,0,0,0,0,1,0,0
"129",45.8706,"Aurora East","Jun.2020",4387726.55200699,536954.607874674,0.12355038523674,1793.14,11202.39,0,302.689787352457,57.6789902666639,26.7711535040129,0,0,1,0,0,0,0,0,0,1,0,0
"130",44.0084333333333,"Boulder Reservoir","Jun.2020",4435551.59190482,481219.757377929,0.161106437444687,1593.88,544.8,0,303.40485869132,58.6572739134167,58.3503671724957,0,0,1,0,0,0,0,0,0,1,0,0
"131",38.6876896551724,"Denver - Camp","Jun.2020",4400141.7439919,501060.150274915,0.0751824602484703,1609.04,1174.89,0,304.202596299372,59.4700504124566,39.5812877158331,0,0,1,0,0,0,0,0,0,1,0,0
"132",46.6509666666667,"Highland Reservoir","Jun.2020",4379799.5690241,503676.920669985,0.105289801955223,1746.35,280.62,3251.26803095015,302.604485740409,59.119243020103,23.0405644031769,0,0,1,0,0,0,0,0,0,1,0,0
"133",42.23525,"La Casa","Jun.2020",4403283.24524375,499556.417760965,0.232037946581841,1609.04,413,1231.81849937004,304.202596299372,59.4700504124566,39.5812877158331,0,0,1,0,0,0,0,0,0,1,0,0
"134",48.8529333333333,"National Renewable Energy Labs - Nrel","Jun.2020",4399328.86408448,484750.26306303,0.167736664414406,1766.56,1430.77,0,301.852206419866,59.1780658921492,40.2289037707756,0,0,1,0,0,0,0,0,0,1,0,0
"135",49.4208461538461,"Rocky Flats-N","Jun.2020",4418095.85351409,483881.807056902,0.170526564121246,1728.49,68.83,2405.23123209667,302.532796835721,55.928692324126,46.1630805742421,0,0,1,0,0,0,0,0,0,1,0,0
"136",39.6133571428571,"Welby","Jun.2020",4409791.4662312,504291.736186258,0.17432376742363,1592.47,818.31,0,304.493222594888,58.7910772963874,32.1136865751629,0,0,1,0,0,0,0,0,0,1,0,0
"137",46.2294333333333,"Aurora East","Jul.2020",4387726.55200699,536954.607874674,0.12355038523674,1793.14,11202.39,0,304.945652172159,64.7219604966027,42.3894449801438,0,0,0,1,0,0,0,0,0,1,0,0
"138",45.9450322580645,"Boulder Reservoir","Jul.2020",4435551.59190482,481219.757377929,0.161106437444687,1593.88,544.8,0,305.552048924502,65.3367664419506,14.684449229707,0,0,0,1,0,0,0,0,0,1,0,0
"139",42.2800344827586,"Denver - Camp","Jul.2020",4400141.7439919,501060.150274915,0.0751824602484703,1609.04,1174.89,0,306.260679251032,60.6020126462855,15.3884339679449,0,0,0,1,0,0,0,0,0,1,0,0
"140",48.2500357142857,"Highland Reservoir","Jul.2020",4379799.5690241,503676.920669985,0.105289801955223,1746.35,280.62,3251.26803095015,304.736485033853,61.3087788179405,13.2965437535436,0,0,0,1,0,0,0,0,0,1,0,0
"141",43.5699333333333,"La Casa","Jul.2020",4403283.24524375,499556.417760965,0.232037946581841,1609.04,413,1231.81849937004,306.260679251032,60.6020126462855,15.3884339679449,0,0,0,1,0,0,0,0,0,1,0,0
"142",50.152064516129,"National Renewable Energy Labs - Nrel","Jul.2020",4399328.86408448,484750.26306303,0.167736664414406,1766.56,1430.77,0,303.62046294891,61.1636655569269,24.1835662772038,0,0,0,1,0,0,0,0,0,1,0,0
"143",49.9715806451613,"Rocky Flats-N","Jul.2020",4418095.85351409,483881.807056902,0.170526564121246,1728.49,68.83,2405.23123209667,304.72035873897,59.5800589143962,12.3078135587547,0,0,0,1,0,0,0,0,0,1,0,0
"144",41.9882666666667,"Welby","Jul.2020",4409791.4662312,504291.736186258,0.17432376742363,1592.47,818.31,0,306.313416775098,62.6609041597897,20.6888516972728,0,0,0,1,0,0,0,0,0,1,0,0
"145",52.2922,"Aurora East","Aug.2020",4387726.55200699,536954.607874674,0.12355038523674,1793.14,11202.39,0,305.664844111168,61.0988906218431,17.9615195764452,0,0,0,0,1,0,0,0,0,1,0,0
"146",51.0408333333333,"Boulder Reservoir","Aug.2020",4435551.59190482,481219.757377929,0.161106437444687,1593.88,544.8,0,306.245663580851,61.7318107978561,10.5013815948102,0,0,0,0,1,0,0,0,0,1,0,0
"147",47.2584285714286,"Denver - Camp","Aug.2020",4400141.7439919,501060.150274915,0.0751824602484703,1609.04,1174.89,0,306.868416201412,58.4393152376643,8.46438828267789,0,0,0,0,1,0,0,0,0,1,0,0
"148",55.7438387096774,"Highland Reservoir","Aug.2020",4379799.5690241,503676.920669985,0.105289801955223,1746.35,280.62,3251.26803095015,305.437532991813,57.22739305731,8.72073014974556,0,0,0,0,1,0,0,0,0,1,0,0
"149",47.0474193548387,"La Casa","Aug.2020",4403283.24524375,499556.417760965,0.232037946581841,1609.04,413,1231.81849937004,306.868416201412,58.4393152376643,8.46438828267789,0,0,0,0,1,0,0,0,0,1,0,0
"150",60.5357857142857,"National Renewable Energy Labs - Nrel","Aug.2020",4399328.86408448,484750.26306303,0.167736664414406,1766.56,1430.77,0,304.641453286771,58.1552531703851,6.58342248903758,0,0,0,0,1,0,0,0,0,1,0,0
"151",58.2656451612903,"Rocky Flats-N","Aug.2020",4418095.85351409,483881.807056902,0.170526564121246,1728.49,68.83,2405.23123209667,305.365361614855,56.6651554752623,11.1520946371652,0,0,0,0,1,0,0,0,0,1,0,0
"152",46.0626129032258,"Welby","Aug.2020",4409791.4662312,504291.736186258,0.17432376742363,1592.47,818.31,0,306.93601920695,58.7192348684037,10.8476947625603,0,0,0,0,1,0,0,0,0,1,0,0
"153",42.189,"Aurora East","Sep.2020",4387726.55200699,536954.607874674,0.12355038523674,1793.14,11202.39,0,298.658074154697,59.3617139934423,20.7957790524571,0,0,0,0,0,1,0,0,0,1,0,0
"154",39.2178888888889,"Boulder Reservoir","Sep.2020",4435551.59190482,481219.757377929,0.161106437444687,1593.88,544.8,0,299.645082292258,59.1335621651524,20.406836690817,0,0,0,0,0,1,0,0,0,1,0,0
"155",33.1412333333333,"Denver - Camp","Sep.2020",4400141.7439919,501060.150274915,0.0751824602484703,1609.04,1174.89,0,299.796629774637,60.4050309002201,19.8683885029931,0,0,0,0,0,1,0,0,0,1,0,0
"156",43.147,"Highland Reservoir","Sep.2020",4379799.5690241,503676.920669985,0.105289801955223,1746.35,280.62,3251.26803095015,298.559354514583,56.6923001071734,23.0107200801326,0,0,0,0,0,1,0,0,0,1,0,0
"157",31.835724137931,"La Casa","Sep.2020",4403283.24524375,499556.417760965,0.232037946581841,1609.04,413,1231.81849937004,299.796629774637,60.4050309002201,19.8683885029931,0,0,0,0,0,1,0,0,0,1,0,0
"158",47.8782068965517,"National Renewable Energy Labs - Nrel","Sep.2020",4399328.86408448,484750.26306303,0.167736664414406,1766.56,1430.77,0,297.856885886245,57.0840994718875,21.4187622369912,0,0,0,0,0,1,0,0,0,1,0,0
"159",50.3275555555555,"Rocky Flats-N","Sep.2020",4418095.85351409,483881.807056902,0.170526564121246,1728.49,68.83,2405.23123209667,298.495932238838,54.3658548524911,24.9088593268338,0,0,0,0,0,1,0,0,0,1,0,0
"160",32.284,"Welby","Sep.2020",4409791.4662312,504291.736186258,0.17432376742363,1592.47,818.31,0,299.622956519087,59.1481347264934,20.3976726186664,0,0,0,0,0,1,0,0,0,1,0,0
"161",34.6980333333333,"Aurora East","Oct.2020",4387726.55200699,536954.607874674,0.12355038523674,1793.14,11202.39,0,291.219648967937,62.9316901908965,7.22651064912151,0,0,0,0,0,0,1,0,0,1,0,0
"162",30.7418387096774,"Boulder Reservoir","Oct.2020",4435551.59190482,481219.757377929,0.161106437444687,1593.88,544.8,0,290.737053957468,62.7795789064149,20.5643553020586,0,0,0,0,0,0,1,0,0,1,0,0
"163",22.778064516129,"Denver - Camp","Oct.2020",4400141.7439919,501060.150274915,0.0751824602484703,1609.04,1174.89,0,291.592432691616,64.0975336565193,9.02222683272571,0,0,0,0,0,0,1,0,0,1,0,0
"164",33.5322666666667,"Highland Reservoir","Oct.2020",4379799.5690241,503676.920669985,0.105289801955223,1746.35,280.62,3251.26803095015,291.350045536807,62.2777769931203,9.39743136955124,0,0,0,0,0,0,1,0,0,1,0,0
"165",24.3587142857143,"La Casa","Oct.2020",4403283.24524375,499556.417760965,0.232037946581841,1609.04,413,1231.81849937004,291.592432691616,64.0975336565193,9.02222683272571,0,0,0,0,0,0,1,0,0,1,0,0
"166",36.6565483870968,"National Renewable Energy Labs - Nrel","Oct.2020",4399328.86408448,484750.26306303,0.167736664414406,1766.56,1430.77,0,290.632075352137,60.9386207467839,11.5895079698484,0,0,0,0,0,0,1,0,0,1,0,0
"167",37.9689032258065,"Rocky Flats-N","Oct.2020",4418095.85351409,483881.807056902,0.170526564121246,1728.49,68.83,2405.23123209667,290.336299863793,56.6186114285905,12.9501022325205,0,0,0,0,0,0,1,0,0,1,0,0
"168",23.5078666666667,"Welby","Oct.2020",4409791.4662312,504291.736186258,0.17432376742363,1592.47,818.31,0,291.172918004546,63.7406747056278,9.36490487694776,0,0,0,0,0,0,1,0,0,1,0,0
"169",42.3902,"Aurora East","Apr.2021",4387726.55200699,536954.607874674,0.177523404359818,1793.14,11202.39,0,287.60530429968,72.2779074134082,46.5971773400887,1,0,0,0,0,0,0,0,0,0,1,0
"170",41.8032068965517,"Boulder Reservoir","Apr.2021",4435551.59190482,481219.757377929,0.246263146400452,1593.88,544.8,0,287.897073290144,71.4438142915395,65.7422481390226,1,0,0,0,0,0,0,0,0,0,1,0
"171",31.5751851851852,"Denver - Camp","Apr.2021",4400141.7439919,501060.150274915,0.108340829610825,1609.04,1174.89,0,288.457068136771,70.683303869711,56.4440584164873,1,0,0,0,0,0,0,0,0,0,1,0
"172",42.0099,"Highland Reservoir","Apr.2021",4379799.5690241,503676.920669985,0.108841314911842,1746.35,280.62,3251.26803095015,287.469708120604,72.5389703430044,60.2714812603822,1,0,0,0,0,0,0,0,0,0,1,0
"173",36.2235333333333,"La Casa","Apr.2021",4403283.24524375,499556.417760965,0.29625603556633,1609.04,413,1231.81849937004,288.457068136771,70.683303869711,56.4440584164873,1,0,0,0,0,0,0,0,0,0,1,0
"174",44.1588333333333,"National Renewable Energy Labs - Nrel","Apr.2021",4399328.86408448,484750.26306303,0.148055672645569,1766.56,1430.77,0,286.235339015354,71.3542246941255,62.2055068920749,1,0,0,0,0,0,0,0,0,0,1,0
"175",45.3176666666667,"Rocky Flats-N","Apr.2021",4418095.85351409,483881.807056902,0.202216967940331,1728.49,68.83,2405.23123209667,286.875907795546,67.5313346917647,68.7641892017752,1,0,0,0,0,0,0,0,0,0,1,0
"176",36.4197,"Welby","Apr.2021",4409791.4662312,504291.736186258,0.175985708832741,1592.47,818.31,0,288.178601378662,71.4656986249489,53.5269546498431,1,0,0,0,0,0,0,0,0,0,1,0
"177",41.4526451612903,"Aurora East","May.2021",4387726.55200699,536954.607874674,0.177523404359818,1793.14,11202.39,0,292.526219023002,82.8005065017291,88.4279233972484,0,1,0,0,0,0,0,0,0,0,1,0
"178",38.9314666666667,"Boulder Reservoir","May.2021",4435551.59190482,481219.757377929,0.246263146400452,1593.88,544.8,0,293.312703217368,84.1680801334521,135.714588412325,0,1,0,0,0,0,0,0,0,0,1,0
"179",32.2184285714286,"Denver - Camp","May.2021",4400141.7439919,501060.150274915,0.108340829610825,1609.04,1174.89,0,293.918299938569,80.729955058576,98.3880153456371,0,1,0,0,0,0,0,0,0,0,1,0
"180",41.5588181818182,"Highland Reservoir","May.2021",4379799.5690241,503676.920669985,0.108841314911842,1746.35,280.62,3251.26803095015,292.736803165388,80.0489932913762,99.6746713283887,0,1,0,0,0,0,0,0,0,0,1,0
"181",35.3664516129032,"La Casa","May.2021",4403283.24524375,499556.417760965,0.29625603556633,1609.04,413,1231.81849937004,293.918299938569,80.729955058576,98.3880153456371,0,1,0,0,0,0,0,0,0,0,1,0
"182",42.6014838709677,"National Renewable Energy Labs - Nrel","May.2021",4399328.86408448,484750.26306303,0.148055672645569,1766.56,1430.77,0,291.626375694849,79.3241656703711,116.480609492106,0,1,0,0,0,0,0,0,0,0,1,0
"183",43.0151935483871,"Rocky Flats-N","May.2021",4418095.85351409,483881.807056902,0.202216967940331,1728.49,68.83,2405.23123209667,292.274540373634,80.3338342246173,132.935373716674,0,1,0,0,0,0,0,0,0,0,1,0
"184",35.4621428571429,"Welby","May.2021",4409791.4662312,504291.736186258,0.175985708832741,1592.47,818.31,0,293.537476129852,82.3597946220573,112.070493435031,0,1,0,0,0,0,0,0,0,0,1,0
"185",48.5364666666667,"Aurora East","Jun.2021",4387726.55200699,536954.607874674,0.177523404359818,1793.14,11202.39,0,302.147070162188,70.210062201744,40.5765529902128,0,0,1,0,0,0,0,0,0,0,1,0
"186",47.6607666666667,"Boulder Reservoir","Jun.2021",4435551.59190482,481219.757377929,0.246263146400452,1593.88,544.8,0,303.036987439828,72.1912631440518,46.463855087787,0,0,1,0,0,0,0,0,0,0,1,0
"187",42.8138,"Denver - Camp","Jun.2021",4400141.7439919,501060.150274915,0.108340829610825,1609.04,1174.89,0,304.15071058087,71.5577008235127,32.9199098430699,0,0,1,0,0,0,0,0,0,0,1,0
"188",51.0803333333333,"Highland Reservoir","Jun.2021",4379799.5690241,503676.920669985,0.108841314911842,1746.35,280.62,3251.26803095015,302.11423099178,69.8879880604282,67.7483143145222,0,0,1,0,0,0,0,0,0,0,1,0
"189",45.8274333333333,"La Casa","Jun.2021",4403283.24524375,499556.417760965,0.29625603556633,1609.04,413,1231.81849937004,304.15071058087,71.5577008235127,32.9199098430699,0,0,1,0,0,0,0,0,0,0,1,0
"190",53.9764666666667,"National Renewable Energy Labs - Nrel","Jun.2021",4399328.86408448,484750.26306303,0.148055672645569,1766.56,1430.77,0,301.129105398755,67.0221303681234,54.4287577504233,0,0,1,0,0,0,0,0,0,0,1,0
"191",53.8137666666667,"Rocky Flats-N","Jun.2021",4418095.85351409,483881.807056902,0.202216967940331,1728.49,68.83,2405.23123209667,302.142039106868,67.1155112346312,48.3546877945816,0,0,1,0,0,0,0,0,0,0,1,0
"192",43.6161923076923,"Welby","Jun.2021",4409791.4662312,504291.736186258,0.175985708832741,1592.47,818.31,0,304.07898265614,72.6327068502237,24.8849801205374,0,0,1,0,0,0,0,0,0,0,1,0
"193",57.0735357142857,"Aurora East","Jul.2021",4387726.55200699,536954.607874674,0.177523404359818,1793.14,11202.39,0,304.8422833911,73.3201166496355,90.1798464407301,0,0,0,1,0,0,0,0,0,0,1,0
"194",54.8792,"Boulder Reservoir","Jul.2021",4435551.59190482,481219.757377929,0.246263146400452,1593.88,544.8,0,305.093025519077,76.8176134935009,36.3954124874373,0,0,0,1,0,0,0,0,0,0,1,0
"195",52.4535483870968,"Denver - Camp","Jul.2021",4400141.7439919,501060.150274915,0.108340829610825,1609.04,1174.89,0,306.293619950479,74.2159377373854,39.6563329988658,0,0,0,1,0,0,0,0,0,0,1,0
"196",61.8691290322581,"Highland Reservoir","Jul.2021",4379799.5690241,503676.920669985,0.108841314911842,1746.35,280.62,3251.26803095015,304.197806889434,74.956176167983,44.9243130646497,0,0,0,1,0,0,0,0,0,0,1,0
"197",53.4017619047619,"La Casa","Jul.2021",4403283.24524375,499556.417760965,0.29625603556633,1609.04,413,1231.81849937004,306.293619950479,74.2159377373854,39.6563329988658,0,0,0,1,0,0,0,0,0,0,1,0
"198",62.7419677419355,"National Renewable Energy Labs - Nrel","Jul.2021",4399328.86408448,484750.26306303,0.148055672645569,1766.56,1430.77,0,303.318810672288,73.5993620494319,30.0398523499474,0,0,0,1,0,0,0,0,0,0,1,0
"199",62.1897419354839,"Rocky Flats-N","Jul.2021",4418095.85351409,483881.807056902,0.202216967940331,1728.49,68.83,2405.23123209667,304.357545563489,70.4278377872717,46.4068341906841,0,0,0,1,0,0,0,0,0,0,1,0
"200",51.3568064516129,"Welby","Jul.2021",4409791.4662312,504291.736186258,0.175985708832741,1592.47,818.31,0,306.299856538531,75.487091377222,36.6098489854992,0,0,0,1,0,0,0,0,0,0,1,0
"201",54.3453870967742,"Aurora East","Aug.2021",4387726.55200699,536954.607874674,0.177523404359818,1793.14,11202.39,0,304.119684692256,61.8741090766137,25.5036178125187,0,0,0,0,1,0,0,0,0,0,1,0
"202",51.6394838709677,"Boulder Reservoir","Aug.2021",4435551.59190482,481219.757377929,0.246263146400452,1593.88,544.8,0,304.236035823537,66.4758603607259,43.523594456497,0,0,0,0,1,0,0,0,0,0,1,0
"203",47.5225517241379,"Denver - Camp","Aug.2021",4400141.7439919,501060.150274915,0.108340829610825,1609.04,1174.89,0,305.333302477176,62.4609265037111,18.6844307282589,0,0,0,0,1,0,0,0,0,0,1,0
"204",56.074064516129,"Highland Reservoir","Aug.2021",4379799.5690241,503676.920669985,0.108841314911842,1746.35,280.62,3251.26803095015,303.897614815345,62.686330002909,35.5295521107818,0,0,0,0,1,0,0,0,0,0,1,0
"205",48.8944333333333,"La Casa","Aug.2021",4403283.24524375,499556.417760965,0.29625603556633,1609.04,413,1231.81849937004,305.333302477176,62.4609265037111,18.6844307282589,0,0,0,0,1,0,0,0,0,0,1,0
"206",57.7380322580645,"National Renewable Energy Labs - Nrel","Aug.2021",4399328.86408448,484750.26306303,0.148055672645569,1766.56,1430.77,0,302.441362253239,63.382525113676,25.6253407390908,0,0,0,0,1,0,0,0,0,0,1,0
"207",58.8461612903226,"Rocky Flats-N","Aug.2021",4418095.85351409,483881.807056902,0.202216967940331,1728.49,68.83,2405.23123209667,303.380360269048,61.3165432651631,23.794881759266,0,0,0,0,1,0,0,0,0,0,1,0
"208",45.3903181818182,"Welby","Aug.2021",4409791.4662312,504291.736186258,0.175985708832741,1592.47,818.31,0,305.091618692685,63.6797920748382,15.7724805452464,0,0,0,0,1,0,0,0,0,0,1,0
"209",48.6596785714286,"Aurora East","Sep.2021",4387726.55200699,536954.607874674,0.177523404359818,1793.14,11202.39,0,301.737096505851,59.9188952369319,13.160074750186,0,0,0,0,0,1,0,0,0,0,1,0
"210",46.8925714285714,"Boulder Reservoir","Sep.2021",4435551.59190482,481219.757377929,0.246263146400452,1593.88,544.8,0,302.058219936282,57.9155603880621,7.37393132081586,0,0,0,0,0,1,0,0,0,0,1,0
"211",38.3175666666667,"Denver - Camp","Sep.2021",4400141.7439919,501060.150274915,0.108340829610825,1609.04,1174.89,0,302.889163507411,59.790463643841,10.0736185902089,0,0,0,0,0,1,0,0,0,0,1,0
"212",48.4605,"Highland Reservoir","Sep.2021",4379799.5690241,503676.920669985,0.108841314911842,1746.35,280.62,3251.26803095015,301.409766407616,56.6285394311517,27.5239065746487,0,0,0,0,0,1,0,0,0,0,1,0
"213",38.9236,"La Casa","Sep.2021",4403283.24524375,499556.417760965,0.29625603556633,1609.04,413,1231.81849937004,302.889163507411,59.790463643841,10.0736185902089,0,0,0,0,0,1,0,0,0,0,1,0
"214",52.2804,"National Renewable Energy Labs - Nrel","Sep.2021",4399328.86408448,484750.26306303,0.148055672645569,1766.56,1430.77,0,300.42758385263,56.5919613895793,15.3609482154756,0,0,0,0,0,1,0,0,0,0,1,0
"215",54.4908275862069,"Rocky Flats-N","Sep.2021",4418095.85351409,483881.807056902,0.202216967940331,1728.49,68.83,2405.23123209667,301.15091143308,52.8148091931234,11.3105692354986,0,0,0,0,0,1,0,0,0,0,1,0
"216",38.4209333333333,"Welby","Sep.2021",4409791.4662312,504291.736186258,0.175985708832741,1592.47,818.31,0,302.72646863435,59.458772106556,9.97015400177176,0,0,0,0,0,1,0,0,0,0,1,0
"217",39.7666129032258,"Aurora East","Oct.2021",4387726.55200699,536954.607874674,0.177523404359818,1793.14,11202.39,0,293.10062874651,61.3391747015242,3.89479506617822,0,0,0,0,0,0,1,0,0,0,1,0
"218",35.053064516129,"Boulder Reservoir","Oct.2021",4435551.59190482,481219.757377929,0.246263146400452,1593.88,544.8,0,293.222258121151,61.1546928654978,7.94390942153336,0,0,0,0,0,0,1,0,0,0,1,0
"219",26.6281612903226,"Denver - Camp","Oct.2021",4400141.7439919,501060.150274915,0.108340829610825,1609.04,1174.89,0,293.982313495763,62.6907611771907,3.46904999661673,0,0,0,0,0,0,1,0,0,0,1,0
"220",36.6575666666667,"Highland Reservoir","Oct.2021",4379799.5690241,503676.920669985,0.108841314911842,1746.35,280.62,3251.26803095015,293.043788100401,61.1457845674116,4.87890404625335,0,0,0,0,0,0,1,0,0,0,1,0
"221",26.2388965517241,"La Casa","Oct.2021",4403283.24524375,499556.417760965,0.29625603556633,1609.04,413,1231.81849937004,293.982313495763,62.6907611771907,3.46904999661673,0,0,0,0,0,0,1,0,0,0,1,0
"222",40.2155806451613,"National Renewable Energy Labs - Nrel","Oct.2021",4399328.86408448,484750.26306303,0.148055672645569,1766.56,1430.77,0,292.03473556591,59.6782933071569,5.55548643889751,0,0,0,0,0,0,1,0,0,0,1,0
"223",41.5767419354839,"Rocky Flats-N","Oct.2021",4418095.85351409,483881.807056902,0.202216967940331,1728.49,68.83,2405.23123209667,292.465203108427,55.2738885118861,4.42814951538967,0,0,0,0,0,0,1,0,0,0,1,0
"224",23.9729615384615,"Welby","Oct.2021",4409791.4662312,504291.736186258,0.175985708832741,1592.47,818.31,0,293.797524600805,62.9128561303589,2.13013016408722,0,0,0,0,0,0,1,0,0,0,1,0
"225",45.8377586206897,"Aurora East","Apr.2022",4387726.55200699,536954.607874674,0.12355038523674,1793.14,11202.39,0,290.337397428738,60.1171944570316,0.615614871151246,1,0,0,0,0,0,0,0,0,0,0,1
"226",44.9098,"Boulder Reservoir","Apr.2022",4435551.59190482,481219.757377929,0.161106437444687,1593.88,544.8,0,291.176145503469,61.5668370233992,3.06796291094436,1,0,0,0,0,0,0,0,0,0,0,1
"227",37.0569,"Denver - Camp","Apr.2022",4400141.7439919,501060.150274915,0.0751824602484703,1609.04,1174.89,0,291.814612103317,59.9276756616041,2.44743617085777,1,0,0,0,0,0,0,0,0,0,0,1
"228",43.9531,"Highland Reservoir","Apr.2022",4379799.5690241,503676.920669985,0.105289801955223,1746.35,280.62,3251.26803095015,290.476953829566,60.0279569326374,1.12879258097641,1,0,0,0,0,0,0,0,0,0,0,1
"229",38.192724137931,"La Casa","Apr.2022",4403283.24524375,499556.417760965,0.232037946581841,1609.04,413,1231.81849937004,291.814612103317,59.9276756616041,2.44743617085777,1,0,0,0,0,0,0,0,0,0,0,1
"230",46.4353666666667,"National Renewable Energy Labs - Nrel","Apr.2022",4399328.86408448,484750.26306303,0.167736664414406,1766.56,1430.77,0,289.629104953737,59.2918215330047,6.67480804012662,1,0,0,0,0,0,0,0,0,0,0,1
"231",48.1666666666667,"Rocky Flats-N","Apr.2022",4418095.85351409,483881.807056902,0.170526564121246,1728.49,68.83,2405.23123209667,290.064280164588,57.3890693179366,3.38648279025772,1,0,0,0,0,0,0,0,0,0,0,1
"232",42.5391666666667,"Welby","Apr.2022",4409791.4662312,504291.736186258,0.17432376742363,1592.47,818.31,0,291.644161512748,60.7538371164572,2.37247094533042,1,0,0,0,0,0,0,0,0,0,0,1
"233",45.38309375,"Aurora East","May.2022",4387726.55200699,536954.607874674,0.12355038523674,1793.14,11202.39,0,294.389927000222,66.7820398235379,37.2042238943065,0,1,0,0,0,0,0,0,0,0,0,1
"234",43.1213448275862,"Boulder Reservoir","May.2022",4435551.59190482,481219.757377929,0.161106437444687,1593.88,544.8,0,295.101061421652,68.7701756333281,71.1280511052871,0,1,0,0,0,0,0,0,0,0,0,1
"235",39.5199677419355,"Denver - Camp","May.2022",4400141.7439919,501060.150274915,0.0751824602484703,1609.04,1174.89,0,296.051868730241,67.6768541512473,53.8848573257188,0,1,0,0,0,0,0,0,0,0,0,1
"236",44.6317575757576,"Highland Reservoir","May.2022",4379799.5690241,503676.920669985,0.105289801955223,1746.35,280.62,3251.26803095015,294.539347203543,66.5776658387664,55.8069625020246,0,1,0,0,0,0,0,0,0,0,0,1
"237",35.1696206896552,"La Casa","May.2022",4403283.24524375,499556.417760965,0.232037946581841,1609.04,413,1231.81849937004,296.051868730241,67.6768541512473,53.8848573257188,0,1,0,0,0,0,0,0,0,0,0,1
"238",45.58825,"National Renewable Energy Labs - Nrel","May.2022",4399328.86408448,484750.26306303,0.167736664414406,1766.56,1430.77,0,293.84883074973,66.1346150236134,63.8408357118487,0,1,0,0,0,0,0,0,0,0,0,1
"239",47.0587741935484,"Rocky Flats-N","May.2022",4418095.85351409,483881.807056902,0.170526564121246,1728.49,68.83,2405.23123209667,294.174702104567,64.9579294339136,53.938257573291,0,1,0,0,0,0,0,0,0,0,0,1
"240",41.0620967741935,"Welby","May.2022",4409791.4662312,504291.736186258,0.17432376742363,1592.47,818.31,0,295.788427226787,68.2637858276263,47.0681133521001,0,1,0,0,0,0,0,0,0,0,0,1
"241",48.2211034482759,"Aurora East","Jun.2022",4387726.55200699,536954.607874674,0.12355038523674,1793.14,11202.39,0,301.651919950277,64.9487675528482,27.8144794465712,0,0,1,0,0,0,0,0,0,0,0,1
"242",46.9937142857143,"Boulder Reservoir","Jun.2022",4435551.59190482,481219.757377929,0.161106437444687,1593.88,544.8,0,302.270195874961,65.9337835879499,28.0141019660712,0,0,1,0,0,0,0,0,0,0,0,1
"243",44.7235333333333,"Denver - Camp","Jun.2022",4400141.7439919,501060.150274915,0.0751824602484703,1609.04,1174.89,0,303.165369163727,66.613725564278,39.5432084481856,0,0,1,0,0,0,0,0,0,0,0,1
"244",49.2195666666667,"Highland Reservoir","Jun.2022",4379799.5690241,503676.920669985,0.105289801955223,1746.35,280.62,3251.26803095015,301.481507497246,66.0868360711936,26.3308742619833,0,0,1,0,0,0,0,0,0,0,0,1
"245",39.0896428571429,"La Casa","Jun.2022",4403283.24524375,499556.417760965,0.232037946581841,1609.04,413,1231.81849937004,303.165369163727,66.613725564278,39.5432084481856,0,0,1,0,0,0,0,0,0,0,0,1
"246",50.2294333333333,"National Renewable Energy Labs - Nrel","Jun.2022",4399328.86408448,484750.26306303,0.167736664414406,1766.56,1430.77,0,300.471720246698,64.828863818721,39.4069842726203,0,0,1,0,0,0,0,0,0,0,0,1
"247",52.1765,"Rocky Flats-N","Jun.2022",4418095.85351409,483881.807056902,0.170526564121246,1728.49,68.83,2405.23123209667,301.250713477208,62.791844208179,31.8232337840534,0,0,1,0,0,0,0,0,0,0,0,1
"248",43.8076923076923,"Welby","Jun.2022",4409791.4662312,504291.736186258,0.17432376742363,1592.47,818.31,0,303.084740134401,67.0020767774455,38.2539605523038,0,0,1,0,0,0,0,0,0,0,0,1
"249",50.5243548387097,"Aurora East","Jul.2022",4387726.55200699,536954.607874674,0.12355038523674,1793.14,11202.39,0,305.504188099672,68.4274975148972,37.358588368395,0,0,0,1,0,0,0,0,0,0,0,1
"250",46.8671935483871,"Boulder Reservoir","Jul.2022",4435551.59190482,481219.757377929,0.161106437444687,1593.88,544.8,0,305.941256985324,69.4839442787511,45.7354830290699,0,0,0,1,0,0,0,0,0,0,0,1
"251",47.1916774193548,"Denver - Camp","Jul.2022",4400141.7439919,501060.150274915,0.0751824602484703,1609.04,1174.89,0,307.041681732587,68.5596171229622,45.6816897515956,0,0,0,1,0,0,0,0,0,0,0,1
"252",51.4117096774194,"Highland Reservoir","Jul.2022",4379799.5690241,503676.920669985,0.105289801955223,1746.35,280.62,3251.26803095015,305.18514298119,68.6047448573665,48.0869135878443,0,0,0,1,0,0,0,0,0,0,0,1
"253",45.1938888888889,"La Casa","Jul.2022",4403283.24524375,499556.417760965,0.232037946581841,1609.04,413,1231.81849937004,307.041681732587,68.5596171229622,45.6816897515956,0,0,0,1,0,0,0,0,0,0,0,1
"254",51.9509666666667,"National Renewable Energy Labs - Nrel","Jul.2022",4399328.86408448,484750.26306303,0.167736664414406,1766.56,1430.77,0,304.027956443929,68.6923257464356,50.7349837811991,0,0,0,1,0,0,0,0,0,0,0,1
"255",52.9658709677419,"Rocky Flats-N","Jul.2022",4418095.85351409,483881.807056902,0.170526564121246,1728.49,68.83,2405.23123209667,305.031086069416,63.7953170053375,55.3089800362758,0,0,0,1,0,0,0,0,0,0,0,1
"256",46.2585,"Welby","Jul.2022",4409791.4662312,504291.736186258,0.17432376742363,1592.47,818.31,0,306.910996423733,68.5428548620765,46.7416116934546,0,0,0,1,0,0,0,0,0,0,0,1
"257",50.3851612903226,"Aurora East","Aug.2022",4387726.55200699,536954.607874674,0.12355038523674,1793.14,11202.39,0,303.893892446987,70.4595255720639,65.5611661542632,0,0,0,0,1,0,0,0,0,0,0,1
"258",47.0750689655172,"Boulder Reservoir","Aug.2022",4435551.59190482,481219.757377929,0.161106437444687,1593.88,544.8,0,304.550488373645,72.6267585909131,73.2834922394387,0,0,0,0,1,0,0,0,0,0,0,1
"259",48.0739655172414,"Denver - Camp","Aug.2022",4400141.7439919,501060.150274915,0.0751824602484703,1609.04,1174.89,0,305.649337878322,71.9656746432966,49.6262854273354,0,0,0,0,1,0,0,0,0,0,0,1
"260",51.8827419354839,"Highland Reservoir","Aug.2022",4379799.5690241,503676.920669985,0.105289801955223,1746.35,280.62,3251.26803095015,303.625494661648,71.7511777613017,75.446576803686,0,0,0,0,1,0,0,0,0,0,0,1
"261",47.8348387096774,"La Casa","Aug.2022",4403283.24524375,499556.417760965,0.232037946581841,1609.04,413,1231.81849937004,305.649337878322,71.9656746432966,49.6262854273354,0,0,0,0,1,0,0,0,0,0,0,1
"262",54.5009032258064,"National Renewable Energy Labs - Nrel","Aug.2022",4399328.86408448,484750.26306303,0.167736664414406,1766.56,1430.77,0,302.871205102285,71.0256404064033,30.1670994065908,0,0,0,0,1,0,0,0,0,0,0,1
"263",55.130935483871,"Rocky Flats-N","Aug.2022",4418095.85351409,483881.807056902,0.170526564121246,1728.49,68.83,2405.23123209667,303.636002474584,66.9022829596518,94.4065709332528,0,0,0,0,1,0,0,0,0,0,0,1
"264",47.2730714285714,"Welby","Aug.2022",4409791.4662312,504291.736186258,0.17432376742363,1592.47,818.31,0,305.509174973593,71.374158812299,48.7750188843062,0,0,0,0,1,0,0,0,0,0,0,1
"265",43.0832068965517,"Aurora East","Sep.2022",4387726.55200699,536954.607874674,0.12355038523674,1793.14,11202.39,0,300.929654802445,63.7232793776008,18.675395016902,0,0,0,0,0,1,0,0,0,0,0,1
"266",38.004,"Boulder Reservoir","Sep.2022",4435551.59190482,481219.757377929,0.161106437444687,1593.88,544.8,0,301.245382015168,61.0526603173526,18.934011790681,0,0,0,0,0,1,0,0,0,0,0,1
"267",35.0044074074074,"Denver - Camp","Sep.2022",4400141.7439919,501060.150274915,0.0751824602484703,1609.04,1174.89,0,302.426034729295,63.6834658776461,18.6779757163295,0,0,0,0,0,1,0,0,0,0,0,1
"268",43.3834444444445,"Highland Reservoir","Sep.2022",4379799.5690241,503676.920669985,0.105289801955223,1746.35,280.62,3251.26803095015,300.794849818787,60.5596172574814,28.3710223745458,0,0,0,0,0,1,0,0,0,0,0,1
"269",34.5091379310345,"La Casa","Sep.2022",4403283.24524375,499556.417760965,0.232037946581841,1609.04,413,1231.81849937004,302.426034729295,63.6834658776461,18.6779757163295,0,0,0,0,0,1,0,0,0,0,0,1
"270",45.6592068965517,"National Renewable Energy Labs - Nrel","Sep.2022",4399328.86408448,484750.26306303,0.167736664414406,1766.56,1430.77,0,299.821102378917,59.8438158759291,25.1558981348842,0,0,0,0,0,1,0,0,0,0,0,1
"271",47.6490344827586,"Rocky Flats-N","Sep.2022",4418095.85351409,483881.807056902,0.170526564121246,1728.49,68.83,2405.23123209667,300.439830324921,55.3234164028758,23.0334977641382,0,0,0,0,0,1,0,0,0,0,0,1
"272",34.3489310344827,"Welby","Sep.2022",4409791.4662312,504291.736186258,0.17432376742363,1592.47,818.31,0,302.269659572347,63.1973220071805,18.7857227342653,0,0,0,0,0,1,0,0,0,0,0,1
