"","site_name","date","ndvi","lat","long","elev","dist2road","road_length","mda8","tmax","rhmax","pmax","apr_dummy","may_dummy","jun_dummy","jul_dummy","aug_dummy","sep_dummy","oct_dummy","yr_2018_dummy","yr_2019_dummy","yr_2020_dummy","yr_2021_dummy","yr_2022_dummy"
"1","Aurora East","Apr.2018",0.114746414124966,4387726.55200699,536954.607874674,1793.14,11202.39,0,45.4372666666667,289.815137433023,64.1394574053742,0.70272663517712,1,0,0,0,0,0,0,1,0,0,0,0
"2","Aurora East","Apr.2019",0.193965286016464,4387726.55200699,536954.607874674,1793.14,11202.39,0,44.1962,289.498652242542,73.5188720543344,0.726785536731559,1,0,0,0,0,0,0,0,1,0,0,0
"3","Aurora East","Apr.2020",0.12355038523674,4387726.55200699,536954.607874674,1793.14,11202.39,0,43.6875862068965,288.665641532551,68.4698762851042,0.524277214710889,1,0,0,0,0,0,0,0,0,1,0,0
"4","Aurora East","Apr.2021",0.177523404359818,4387726.55200699,536954.607874674,1793.14,11202.39,0,42.3902,287.60530429968,72.2779074134082,1.55323921712061,1,0,0,0,0,0,0,0,0,0,1,0
"5","Aurora East","Apr.2022",0.12355038523674,4387726.55200699,536954.607874674,1793.14,11202.39,0,45.8377586206897,290.337397428738,60.1171944570316,0.0205204950867826,1,0,0,0,0,0,0,0,0,0,0,1
"6","Aurora East","Aug.2018",0.114746414124966,4387726.55200699,536954.607874674,1793.14,11202.39,0,49.2411290322581,302.050691248005,75.0435867034524,1.50330523065257,0,0,0,0,1,0,0,1,0,0,0,0
"7","Aurora East","Aug.2019",0.193965286016464,4387726.55200699,536954.607874674,1793.14,11202.39,0,49.8402580645161,304.436920221928,68.6828332521398,0.84770802782396,0,0,0,0,1,0,0,0,1,0,0,0
"8","Aurora East","Aug.2020",0.12355038523674,4387726.55200699,536954.607874674,1793.14,11202.39,0,52.2922,305.664844111168,61.0988906218431,0.57940385016243,0,0,0,0,1,0,0,0,0,1,0,0
"9","Aurora East","Aug.2021",0.177523404359818,4387726.55200699,536954.607874674,1793.14,11202.39,0,54.3453870967742,304.119684692256,61.8741090766137,0.82269736081806,0,0,0,0,1,0,0,0,0,0,1,0
"10","Aurora East","Aug.2022",0.12355038523674,4387726.55200699,536954.607874674,1793.14,11202.39,0,50.3851612903226,303.893892446987,70.4595255720639,2.11487634617742,0,0,0,0,1,0,0,0,0,0,0,1
"11","Aurora East","Jul.2018",0.114746414124966,4387726.55200699,536954.607874674,1793.14,11202.39,0,53.1075517241379,304.256632674507,73.1636230438858,2.20976476582371,0,0,0,1,0,0,0,1,0,0,0,0
"12","Aurora East","Jul.2019",0.193965286016464,4387726.55200699,536954.607874674,1793.14,11202.39,0,47.2315161290323,304.78704667918,70.2088585034518,2.10252011083053,0,0,0,1,0,0,0,0,1,0,0,0
"13","Aurora East","Jul.2020",0.12355038523674,4387726.55200699,536954.607874674,1793.14,11202.39,0,46.2294333333333,304.945652172159,64.7219604966027,1.36740144252559,0,0,0,1,0,0,0,0,0,1,0,0
"14","Aurora East","Jul.2021",0.177523404359818,4387726.55200699,536954.607874674,1793.14,11202.39,0,57.0735357142857,304.8422833911,73.3201166496355,2.90902726394967,0,0,0,1,0,0,0,0,0,0,1,0
"15","Aurora East","Jul.2022",0.12355038523674,4387726.55200699,536954.607874674,1793.14,11202.39,0,50.5243548387097,305.504188099672,68.4274975148972,1.20511571210123,0,0,0,1,0,0,0,0,0,0,0,1
"16","Aurora East","Jun.2018",0.114746414124966,4387726.55200699,536954.607874674,1793.14,11202.39,0,49.6127586206897,303.529651623668,57.0366305242185,1.18745100818058,0,0,1,0,0,0,0,1,0,0,0,0
"17","Aurora East","Jun.2019",0.193965286016464,4387726.55200699,536954.607874674,1793.14,11202.39,0,47.449,299.223630257219,70.8825402843819,2.73835333572349,0,0,1,0,0,0,0,0,1,0,0,0
"18","Aurora East","Jun.2020",0.12355038523674,4387726.55200699,536954.607874674,1793.14,11202.39,0,45.8706,302.689787352457,57.6789902666639,0.892371783013282,0,0,1,0,0,0,0,0,0,1,0,0
"19","Aurora East","Jun.2021",0.177523404359818,4387726.55200699,536954.607874674,1793.14,11202.39,0,48.5364666666667,302.147070162188,70.210062201744,1.35255175757255,0,0,1,0,0,0,0,0,0,0,1,0
"20","Aurora East","Jun.2022",0.12355038523674,4387726.55200699,536954.607874674,1793.14,11202.39,0,48.2211034482759,301.651919950277,64.9487675528482,0.927149284669771,0,0,1,0,0,0,0,0,0,0,0,1
"21","Aurora East","May.2018",0.114746414124966,4387726.55200699,536954.607874674,1793.14,11202.39,0,47.593935483871,296.359480687815,70.9364155998179,1.70687794248253,0,1,0,0,0,0,0,1,0,0,0,0
"22","Aurora East","May.2019",0.193965286016464,4387726.55200699,536954.607874674,1793.14,11202.39,0,43.0953666666667,290.093903117336,78.0559329079742,3.23919575356574,0,1,0,0,0,0,0,0,1,0,0,0
"23","Aurora East","May.2020",0.12355038523674,4387726.55200699,536954.607874674,1793.14,11202.39,0,43.4459677419355,296.298998845774,75.7315705114682,1.93976988153886,0,1,0,0,0,0,0,0,0,1,0,0
"24","Aurora East","May.2021",0.177523404359818,4387726.55200699,536954.607874674,1793.14,11202.39,0,41.4526451612903,292.526219023002,82.8005065017291,2.85251369592878,0,1,0,0,0,0,0,0,0,0,1,0
"25","Aurora East","May.2022",0.12355038523674,4387726.55200699,536954.607874674,1793.14,11202.39,0,45.38309375,294.389927000222,66.7820398235379,1.20013625291244,0,1,0,0,0,0,0,0,0,0,0,1
"26","Aurora East","Oct.2018",0.114746414124966,4387726.55200699,536954.607874674,1793.14,11202.39,0,30.8386774193548,288.34492463924,78.6806070420425,1.33159090896698,0,0,0,0,0,0,1,1,0,0,0,0
"27","Aurora East","Oct.2019",0.193965286016464,4387726.55200699,536954.607874674,1793.14,11202.39,0,36.4744193548387,287.386559368271,67.5000577965444,1.09288941514944,0,0,0,0,0,0,1,0,1,0,0,0
"28","Aurora East","Oct.2020",0.12355038523674,4387726.55200699,536954.607874674,1793.14,11202.39,0,34.6980333333333,291.219648967937,62.9316901908965,0.233113241267583,0,0,0,0,0,0,1,0,0,1,0,0
"29","Aurora East","Oct.2021",0.177523404359818,4387726.55200699,536954.607874674,1793.14,11202.39,0,39.7666129032258,293.10062874651,61.3391747015242,0.125638549215079,0,0,0,0,0,0,1,0,0,0,1,0
"30","Aurora East","Sep.2018",0.114746414124966,4387726.55200699,536954.607874674,1793.14,11202.39,0,39.1784,299.996151879892,66.5414593755355,0.500248224843923,0,0,0,0,0,1,0,1,0,0,0,0
"31","Aurora East","Sep.2019",0.193965286016464,4387726.55200699,536954.607874674,1793.14,11202.39,0,44.0182068965517,301.972339616666,62.7470074718048,0.918616378228592,0,0,0,0,0,1,0,0,1,0,0,0
"32","Aurora East","Sep.2020",0.12355038523674,4387726.55200699,536954.607874674,1793.14,11202.39,0,42.189,298.658074154697,59.3617139934423,0.693192643681139,0,0,0,0,0,1,0,0,0,1,0,0
"33","Aurora East","Sep.2021",0.177523404359818,4387726.55200699,536954.607874674,1793.14,11202.39,0,48.6596785714286,301.737096505851,59.9188952369319,0.43866914698426,0,0,0,0,0,1,0,0,0,0,1,0
"34","Aurora East","Sep.2022",0.12355038523674,4387726.55200699,536954.607874674,1793.14,11202.39,0,43.0832068965517,300.929654802445,63.7232793776008,0.622513166170469,0,0,0,0,0,1,0,0,0,0,0,1
"35","Boulder Reservoir","Apr.2018",0.134466394782066,4435551.59190482,481219.757377929,1593.88,544.8,0,43.2048518518518,290.429262317243,66.0054639441137,0.899576206568594,1,0,0,0,0,0,0,1,0,0,0,0
"36","Boulder Reservoir","Apr.2019",0.167513355612755,4435551.59190482,481219.757377929,1593.88,544.8,0,41.2077931034483,290.485905319403,72.8964318036005,1.35289062917952,1,0,0,0,0,0,0,0,1,0,0,0
"37","Boulder Reservoir","Apr.2020",0.161106437444687,4435551.59190482,481219.757377929,1593.88,544.8,0,42.5724615384615,289.222065963478,69.9854480736458,1.86718692197923,1,0,0,0,0,0,0,0,0,1,0,0
"38","Boulder Reservoir","Apr.2021",0.246263146400452,4435551.59190482,481219.757377929,1593.88,544.8,0,41.8032068965517,287.897073290144,71.4438142915395,2.19140833185457,1,0,0,0,0,0,0,0,0,0,1,0
"39","Boulder Reservoir","Apr.2022",0.161106437444687,4435551.59190482,481219.757377929,1593.88,544.8,0,44.9098,291.176145503469,61.5668370233992,0.102265430299782,1,0,0,0,0,0,0,0,0,0,0,1
"40","Boulder Reservoir","Aug.2018",0.134466394782066,4435551.59190482,481219.757377929,1593.88,544.8,0,50.0759032258064,302.923874475306,74.0192982520131,0.63610717657748,0,0,0,0,1,0,0,1,0,0,0,0
"41","Boulder Reservoir","Aug.2019",0.167513355612755,4435551.59190482,481219.757377929,1593.88,544.8,0,46.6698387096774,305.024659837105,68.2598506234692,0.491744215744153,0,0,0,0,1,0,0,0,1,0,0,0
"42","Boulder Reservoir","Aug.2020",0.161106437444687,4435551.59190482,481219.757377929,1593.88,544.8,0,51.0408333333333,306.245663580851,61.7318107978561,0.338754254509149,0,0,0,0,1,0,0,0,0,1,0,0
"43","Boulder Reservoir","Aug.2021",0.246263146400452,4435551.59190482,481219.757377929,1593.88,544.8,0,51.6394838709677,304.236035823537,66.4758603607259,1.4039869019238,0,0,0,0,1,0,0,0,0,0,1,0
"44","Boulder Reservoir","Aug.2022",0.161106437444687,4435551.59190482,481219.757377929,1593.88,544.8,0,47.0750689655172,304.550488373645,72.6267585909131,2.36398362915001,0,0,0,0,1,0,0,0,0,0,0,1
"45","Boulder Reservoir","Jul.2018",0.134466394782066,4435551.59190482,481219.757377929,1593.88,544.8,0,51.8672258064516,304.44951486064,74.2985145444061,1.7828764088707,0,0,0,1,0,0,0,1,0,0,0,0
"46","Boulder Reservoir","Jul.2019",0.167513355612755,4435551.59190482,481219.757377929,1593.88,544.8,0,45.1000333333333,305.030050783476,71.4632008383637,1.57002641792992,0,0,0,1,0,0,0,0,1,0,0,0
"47","Boulder Reservoir","Jul.2020",0.161106437444687,4435551.59190482,481219.757377929,1593.88,544.8,0,45.9450322580645,305.552048924502,65.3367664419506,0.473691919335549,0,0,0,1,0,0,0,0,0,1,0,0
"48","Boulder Reservoir","Jul.2021",0.246263146400452,4435551.59190482,481219.757377929,1593.88,544.8,0,54.8792,305.093025519077,76.8176134935009,1.1740455427441,0,0,0,1,0,0,0,0,0,0,1,0
"49","Boulder Reservoir","Jul.2022",0.161106437444687,4435551.59190482,481219.757377929,1593.88,544.8,0,46.8671935483871,305.941256985324,69.4839442787511,1.4753381118912,0,0,0,1,0,0,0,0,0,0,0,1
"50","Boulder Reservoir","Jun.2018",0.134466394782066,4435551.59190482,481219.757377929,1593.88,544.8,0,47.4288275862069,303.529143140765,59.1521821293678,1.74204156044879,0,0,1,0,0,0,0,1,0,0,0,0
"51","Boulder Reservoir","Jun.2019",0.167513355612755,4435551.59190482,481219.757377929,1593.88,544.8,0,45.8864827586207,300.300943501107,72.425313922981,2.21623079926705,0,0,1,0,0,0,0,0,1,0,0,0
"52","Boulder Reservoir","Jun.2020",0.161106437444687,4435551.59190482,481219.757377929,1593.88,544.8,0,44.0084333333333,303.40485869132,58.6572739134167,1.94501218216866,0,0,1,0,0,0,0,0,0,1,0,0
"53","Boulder Reservoir","Jun.2021",0.246263146400452,4435551.59190482,481219.757377929,1593.88,544.8,0,47.6607666666667,303.036987439828,72.1912631440518,1.54879519840358,0,0,1,0,0,0,0,0,0,0,1,0
"54","Boulder Reservoir","Jun.2022",0.161106437444687,4435551.59190482,481219.757377929,1593.88,544.8,0,46.9937142857143,302.270195874961,65.9337835879499,0.933803407655414,0,0,1,0,0,0,0,0,0,0,0,1
"55","Boulder Reservoir","May.2018",0.134466394782066,4435551.59190482,481219.757377929,1593.88,544.8,0,45.0235333333333,296.150318626452,73.2617252218625,3.900990431469,0,1,0,0,0,0,0,1,0,0,0,0
"56","Boulder Reservoir","May.2019",0.167513355612755,4435551.59190482,481219.757377929,1593.88,544.8,0,39.2781290322581,290.787658214497,78.5667839734682,2.16331041651331,0,1,0,0,0,0,0,0,1,0,0,0
"57","Boulder Reservoir","May.2020",0.161106437444687,4435551.59190482,481219.757377929,1593.88,544.8,0,42.6238571428571,296.410999942768,76.7781748750419,1.42566574878683,0,1,0,0,0,0,0,0,0,1,0,0
"58","Boulder Reservoir","May.2021",0.246263146400452,4435551.59190482,481219.757377929,1593.88,544.8,0,38.9314666666667,293.312703217368,84.1680801334521,4.37789003551772,0,1,0,0,0,0,0,0,0,0,1,0
"59","Boulder Reservoir","May.2022",0.161106437444687,4435551.59190482,481219.757377929,1593.88,544.8,0,43.1213448275862,295.101061421652,68.7701756333281,2.29445320470523,0,1,0,0,0,0,0,0,0,0,0,1
"60","Boulder Reservoir","Oct.2018",0.134466394782066,4435551.59190482,481219.757377929,1593.88,544.8,0,29.5718,289.263653441752,76.0861116038761,1.58731168002541,0,0,0,0,0,0,1,1,0,0,0,0
"61","Boulder Reservoir","Oct.2019",0.167513355612755,4435551.59190482,481219.757377929,1593.88,544.8,0,30.6451,287.795460960655,67.2690515608805,1.33076666173697,0,0,0,0,0,0,1,0,1,0,0,0
"62","Boulder Reservoir","Oct.2020",0.161106437444687,4435551.59190482,481219.757377929,1593.88,544.8,0,30.7418387096774,290.737053957468,62.7795789064149,0.663366310454481,0,0,0,0,0,0,1,0,0,1,0,0
"63","Boulder Reservoir","Oct.2021",0.246263146400452,4435551.59190482,481219.757377929,1593.88,544.8,0,35.053064516129,293.222258121151,61.1546928654978,0.256255138717803,0,0,0,0,0,0,1,0,0,0,1,0
"64","Boulder Reservoir","Sep.2018",0.134466394782066,4435551.59190482,481219.757377929,1593.88,544.8,0,39.2823,300.615621680472,63.1507823582197,0.469185022996714,0,0,0,0,0,1,0,1,0,0,0,0
"65","Boulder Reservoir","Sep.2019",0.167513355612755,4435551.59190482,481219.757377929,1593.88,544.8,0,41.7971379310345,301.824092231058,60.6605409718395,0.654168398733301,0,0,0,0,0,1,0,0,1,0,0,0
"66","Boulder Reservoir","Sep.2020",0.161106437444687,4435551.59190482,481219.757377929,1593.88,544.8,0,39.2178888888889,299.645082292258,59.1335621651524,0.680227898919109,0,0,0,0,0,1,0,0,0,1,0,0
"67","Boulder Reservoir","Sep.2021",0.246263146400452,4435551.59190482,481219.757377929,1593.88,544.8,0,46.8925714285714,302.058219936282,57.9155603880621,0.245797713719066,0,0,0,0,0,1,0,0,0,0,1,0
"68","Boulder Reservoir","Sep.2022",0.161106437444687,4435551.59190482,481219.757377929,1593.88,544.8,0,38.004,301.245382015168,61.0526603173526,0.631133715051512,0,0,0,0,0,1,0,0,0,0,0,1
"69","Denver - Camp","Apr.2018",0.0735567212104797,4400141.7439919,501060.150274915,1609.04,1174.89,0,37.6382962962963,291.29320497762,62.6608816427389,0.903655874296445,1,0,0,0,0,0,0,1,0,0,0,0
"70","Denver - Camp","Apr.2019",0.0889506191015244,4400141.7439919,501060.150274915,1609.04,1174.89,0,34.3588,290.916568250114,69.9148398959389,0.780219731794342,1,0,0,0,0,0,0,0,1,0,0,0
"71","Denver - Camp","Apr.2020",0.0751824602484703,4400141.7439919,501060.150274915,1609.04,1174.89,0,35.5050344827586,290.071181554009,68.8339315611172,1.01119214479905,1,0,0,0,0,0,0,0,0,1,0,0
"72","Denver - Camp","Apr.2021",0.108340829610825,4400141.7439919,501060.150274915,1609.04,1174.89,0,31.5751851851852,288.457068136771,70.683303869711,1.88146863389249,1,0,0,0,0,0,0,0,0,0,1,0
"73","Denver - Camp","Apr.2022",0.0751824602484703,4400141.7439919,501060.150274915,1609.04,1174.89,0,37.0569,291.814612103317,59.9276756616041,0.0815812069927654,1,0,0,0,0,0,0,0,0,0,0,1
"74","Denver - Camp","Aug.2018",0.0735567212104797,4400141.7439919,501060.150274915,1609.04,1174.89,0,43.549,303.476678137172,73.5692441993313,0.631687976577289,0,0,0,0,1,0,0,1,0,0,0,0
"75","Denver - Camp","Aug.2019",0.0889506191015244,4400141.7439919,501060.150274915,1609.04,1174.89,0,44.2433870967742,305.965166047418,64.3314157273857,0.579315736855995,0,0,0,0,1,0,0,0,1,0,0,0
"76","Denver - Camp","Aug.2020",0.0751824602484703,4400141.7439919,501060.150274915,1609.04,1174.89,0,47.2584285714286,306.868416201412,58.4393152376643,0.273044774022354,0,0,0,0,1,0,0,0,0,1,0,0
"77","Denver - Camp","Aug.2021",0.108340829610825,4400141.7439919,501060.150274915,1609.04,1174.89,0,47.5225517241379,305.333302477176,62.4609265037111,0.602723597028364,0,0,0,0,1,0,0,0,0,0,1,0
"78","Denver - Camp","Aug.2022",0.0751824602484703,4400141.7439919,501060.150274915,1609.04,1174.89,0,48.0739655172414,305.649337878322,71.9656746432966,1.60084792674167,0,0,0,0,1,0,0,0,0,0,0,1
"79","Denver - Camp","Jul.2018",0.0735567212104797,4400141.7439919,501060.150274915,1609.04,1174.89,0,47.169,305.811498964009,70.3812666201578,1.48152628222018,0,0,0,1,0,0,0,1,0,0,0,0
"80","Denver - Camp","Jul.2019",0.0889506191015244,4400141.7439919,501060.150274915,1609.04,1174.89,0,42.3392,306.050741603765,67.6400047058927,2.23810707429207,0,0,0,1,0,0,0,0,1,0,0,0
"81","Denver - Camp","Jul.2020",0.0751824602484703,4400141.7439919,501060.150274915,1609.04,1174.89,0,42.2800344827586,306.260679251032,60.6020126462855,0.496401107265832,0,0,0,1,0,0,0,0,0,1,0,0
"82","Denver - Camp","Jul.2021",0.108340829610825,4400141.7439919,501060.150274915,1609.04,1174.89,0,52.4535483870968,306.293619950479,74.2159377373854,1.27923655982012,0,0,0,1,0,0,0,0,0,0,1,0
"83","Denver - Camp","Jul.2022",0.0751824602484703,4400141.7439919,501060.150274915,1609.04,1174.89,0,47.1916774193548,307.041681732587,68.5596171229622,1.47360288691239,0,0,0,1,0,0,0,0,0,0,0,1
"84","Denver - Camp","Jun.2018",0.0735567212104797,4400141.7439919,501060.150274915,1609.04,1174.89,0,42.0993448275862,305.023586397991,55.8984505669371,0.740661283148953,0,0,1,0,0,0,0,1,0,0,0,0
"85","Denver - Camp","Jun.2019",0.0889506191015244,4400141.7439919,501060.150274915,1609.04,1174.89,0,41.0539,301.032019829769,71.9119395514163,0.800463845981691,0,0,1,0,0,0,0,0,1,0,0,0
"86","Denver - Camp","Jun.2020",0.0751824602484703,4400141.7439919,501060.150274915,1609.04,1174.89,0,38.6876896551724,304.202596299372,59.4700504124566,1.31937627323667,0,0,1,0,0,0,0,0,0,1,0,0
"87","Denver - Camp","Jun.2021",0.108340829610825,4400141.7439919,501060.150274915,1609.04,1174.89,0,42.8138,304.15071058087,71.5577008235127,1.09733033077783,0,0,1,0,0,0,0,0,0,0,1,0
"88","Denver - Camp","Jun.2022",0.0751824602484703,4400141.7439919,501060.150274915,1609.04,1174.89,0,44.7235333333333,303.165369163727,66.613725564278,1.3181069023453,0,0,1,0,0,0,0,0,0,0,0,1
"89","Denver - Camp","May.2018",0.0735567212104797,4400141.7439919,501060.150274915,1609.04,1174.89,0,39.2315161290323,297.680232542508,69.6127681800877,1.60029807998806,0,1,0,0,0,0,0,1,0,0,0,0
"90","Denver - Camp","May.2019",0.0889506191015244,4400141.7439919,501060.150274915,1609.04,1174.89,0,33.9624838709677,291.679848541549,75.8133120118365,2.18646073043691,0,1,0,0,0,0,0,0,1,0,0,0
"91","Denver - Camp","May.2020",0.0751824602484703,4400141.7439919,501060.150274915,1609.04,1174.89,0,37.6792258064516,297.217784229474,74.4696125572618,1.3211303149113,0,1,0,0,0,0,0,0,0,1,0,0
"92","Denver - Camp","May.2021",0.108340829610825,4400141.7439919,501060.150274915,1609.04,1174.89,0,32.2184285714286,293.918299938569,80.729955058576,3.17380695981278,0,1,0,0,0,0,0,0,0,0,1,0
"93","Denver - Camp","May.2022",0.0751824602484703,4400141.7439919,501060.150274915,1609.04,1174.89,0,39.5199677419355,296.051868730241,67.6768541512473,1.73822125521773,0,1,0,0,0,0,0,0,0,0,0,1
"94","Denver - Camp","Oct.2018",0.0735567212104797,4400141.7439919,501060.150274915,1609.04,1174.89,0,18.9804666666667,289.519823257613,78.5298335845346,0.924390676937823,0,0,0,0,0,0,1,1,0,0,0,0
"95","Denver - Camp","Oct.2019",0.0889506191015244,4400141.7439919,501060.150274915,1609.04,1174.89,0,23.1431666666667,288.315739629749,67.1470538205112,1.32584219392438,0,0,0,0,0,0,1,0,1,0,0,0
"96","Denver - Camp","Oct.2020",0.0751824602484703,4400141.7439919,501060.150274915,1609.04,1174.89,0,22.778064516129,291.592432691616,64.0975336565193,0.291039589611139,0,0,0,0,0,0,1,0,0,1,0,0
"97","Denver - Camp","Oct.2021",0.108340829610825,4400141.7439919,501060.150274915,1609.04,1174.89,0,26.6281612903226,293.982313495763,62.6907611771907,0.111904839016975,0,0,0,0,0,0,1,0,0,0,1,0
"98","Denver - Camp","Sep.2018",0.0735567212104797,4400141.7439919,501060.150274915,1609.04,1174.89,0,31.0226333333333,301.107769266964,63.62267352622,1.3672858758351,0,0,0,0,0,1,0,1,0,0,0,0
"99","Denver - Camp","Sep.2019",0.0889506191015244,4400141.7439919,501060.150274915,1609.04,1174.89,0,34.8627407407407,302.387768187098,61.7489116408653,0.51601945621051,0,0,0,0,0,1,0,0,1,0,0,0
"100","Denver - Camp","Sep.2020",0.0751824602484703,4400141.7439919,501060.150274915,1609.04,1174.89,0,33.1412333333333,299.796629774637,60.4050309002201,0.662279616501081,0,0,0,0,0,1,0,0,0,1,0,0
"101","Denver - Camp","Sep.2021",0.108340829610825,4400141.7439919,501060.150274915,1609.04,1174.89,0,38.3175666666667,302.889163507411,59.790463643841,0.335787291740815,0,0,0,0,0,1,0,0,0,0,1,0
"102","Denver - Camp","Sep.2022",0.0751824602484703,4400141.7439919,501060.150274915,1609.04,1174.89,0,35.0044074074074,302.426034729295,63.6834658776461,0.622599175358002,0,0,0,0,0,1,0,0,0,0,0,1
"103","Highland Reservoir","Apr.2018",0.083717480301857,4379799.5690241,503676.920669985,1746.35,280.62,3251.26803095015,45.8984827586207,290.137174580515,62.5149692010685,1.02176474705238,1,0,0,0,0,0,0,1,0,0,0,0
"104","Highland Reservoir","Apr.2019",0.130471035838127,4379799.5690241,503676.920669985,1746.35,280.62,3251.26803095015,40.4049615384615,289.69017581666,71.7383647807741,0.831048134165983,1,0,0,0,0,0,0,0,1,0,0,0
"105","Highland Reservoir","Apr.2020",0.105289801955223,4379799.5690241,503676.920669985,1746.35,280.62,3251.26803095015,44.2784333333333,288.857642714717,70.1030900576827,0.922561205971864,1,0,0,0,0,0,0,0,0,1,0,0
"106","Highland Reservoir","Apr.2021",0.108841314911842,4379799.5690241,503676.920669985,1746.35,280.62,3251.26803095015,42.0099,287.469708120604,72.5389703430044,2.00904935644475,1,0,0,0,0,0,0,0,0,0,1,0
"107","Highland Reservoir","Apr.2022",0.105289801955223,4379799.5690241,503676.920669985,1746.35,280.62,3251.26803095015,43.9531,290.476953829566,60.0279569326374,0.0376264187938848,1,0,0,0,0,0,0,0,0,0,0,1
"108","Highland Reservoir","Aug.2018",0.083717480301857,4379799.5690241,503676.920669985,1746.35,280.62,3251.26803095015,49.6375483870968,302.075604192106,72.8134637043864,1.26408236478661,0,0,0,0,1,0,0,1,0,0,0,0
"109","Highland Reservoir","Aug.2019",0.130471035838127,4379799.5690241,503676.920669985,1746.35,280.62,3251.26803095015,51.4705806451613,304.553304570378,63.8332158611905,0.698660178542697,0,0,0,0,1,0,0,0,1,0,0,0
"110","Highland Reservoir","Aug.2020",0.105289801955223,4379799.5690241,503676.920669985,1746.35,280.62,3251.26803095015,55.7438387096774,305.437532991813,57.22739305731,0.281313868008624,0,0,0,0,1,0,0,0,0,1,0,0
"111","Highland Reservoir","Aug.2021",0.108841314911842,4379799.5690241,503676.920669985,1746.35,280.62,3251.26803095015,56.074064516129,303.897614815345,62.686330002909,1.14611458706297,0,0,0,0,1,0,0,0,0,0,1,0
"112","Highland Reservoir","Aug.2022",0.105289801955223,4379799.5690241,503676.920669985,1746.35,280.62,3251.26803095015,51.8827419354839,303.625494661648,71.7511777613017,2.43376056339217,0,0,0,0,1,0,0,0,0,0,0,1
"113","Highland Reservoir","Jul.2018",0.083717480301857,4379799.5690241,503676.920669985,1746.35,280.62,3251.26803095015,54.4706333333333,304.279424459853,71.1081236937016,2.15977529250522,0,0,0,1,0,0,0,1,0,0,0,0
"114","Highland Reservoir","Jul.2019",0.130471035838127,4379799.5690241,503676.920669985,1746.35,280.62,3251.26803095015,48.4723870967742,304.914073805997,68.4287719830254,1.75154059153387,0,0,0,1,0,0,0,0,1,0,0,0
"115","Highland Reservoir","Jul.2020",0.105289801955223,4379799.5690241,503676.920669985,1746.35,280.62,3251.26803095015,48.2500357142857,304.736485033853,61.3087788179405,0.428920755402236,0,0,0,1,0,0,0,0,0,1,0,0
"116","Highland Reservoir","Jul.2021",0.108841314911842,4379799.5690241,503676.920669985,1746.35,280.62,3251.26803095015,61.8691290322581,304.197806889434,74.956176167983,1.44917140529066,0,0,0,1,0,0,0,0,0,0,1,0
"117","Highland Reservoir","Jul.2022",0.105289801955223,4379799.5690241,503676.920669985,1746.35,280.62,3251.26803095015,51.4117096774194,305.18514298119,68.6047448573665,1.5511907320942,0,0,0,1,0,0,0,0,0,0,0,1
"118","Highland Reservoir","Jun.2018",0.083717480301857,4379799.5690241,503676.920669985,1746.35,280.62,3251.26803095015,50.8289615384615,303.547822219047,52.530670128791,0.694885321904045,0,0,1,0,0,0,0,1,0,0,0,0
"119","Highland Reservoir","Jun.2019",0.130471035838127,4379799.5690241,503676.920669985,1746.35,280.62,3251.26803095015,48.4842,299.447404387089,71.3258082727698,1.79114346683369,0,0,1,0,0,0,0,0,1,0,0,0
"120","Highland Reservoir","Jun.2020",0.105289801955223,4379799.5690241,503676.920669985,1746.35,280.62,3251.26803095015,46.6509666666667,302.604485740409,59.119243020103,0.768018808066566,0,0,1,0,0,0,0,0,0,1,0,0
"121","Highland Reservoir","Jun.2021",0.108841314911842,4379799.5690241,503676.920669985,1746.35,280.62,3251.26803095015,51.0803333333333,302.11423099178,69.8879880604282,2.25827711388115,0,0,1,0,0,0,0,0,0,0,1,0
"122","Highland Reservoir","Jun.2022",0.105289801955223,4379799.5690241,503676.920669985,1746.35,280.62,3251.26803095015,49.2195666666667,301.481507497246,66.0868360711936,0.877695817063219,0,0,1,0,0,0,0,0,0,0,0,1
"123","Highland Reservoir","May.2018",0.083717480301857,4379799.5690241,503676.920669985,1746.35,280.62,3251.26803095015,48.2762,296.707228142297,64.8490715055521,1.84685741468448,0,1,0,0,0,0,0,1,0,0,0,0
"124","Highland Reservoir","May.2019",0.130471035838127,4379799.5690241,503676.920669985,1746.35,280.62,3251.26803095015,41.6906129032258,290.428652324171,75.2628170375555,2.31055246826392,0,1,0,0,0,0,0,0,1,0,0,0
"125","Highland Reservoir","May.2020",0.105289801955223,4379799.5690241,503676.920669985,1746.35,280.62,3251.26803095015,45.7424193548387,296.596260574718,72.3912050522531,1.02716744142276,0,1,0,0,0,0,0,0,0,1,0,0
"126","Highland Reservoir","May.2021",0.108841314911842,4379799.5690241,503676.920669985,1746.35,280.62,3251.26803095015,41.5588181818182,292.736803165388,80.0489932913762,3.21531196960412,0,1,0,0,0,0,0,0,0,0,1,0
"127","Highland Reservoir","May.2022",0.105289801955223,4379799.5690241,503676.920669985,1746.35,280.62,3251.26803095015,44.6317575757576,294.539347203543,66.5776658387664,1.80022458960421,0,1,0,0,0,0,0,0,0,0,0,1
"128","Highland Reservoir","Oct.2018",0.083717480301857,4379799.5690241,503676.920669985,1746.35,280.62,3251.26803095015,28.1006129032258,288.564523487593,78.4936962449612,1.14614805347516,0,0,0,0,0,0,1,1,0,0,0,0
"129","Highland Reservoir","Oct.2019",0.130471035838127,4379799.5690241,503676.920669985,1746.35,280.62,3251.26803095015,32.6414193548387,287.660070346022,66.4345263838969,1.19392743412573,0,0,0,0,0,0,1,0,1,0,0,0
"130","Highland Reservoir","Oct.2020",0.105289801955223,4379799.5690241,503676.920669985,1746.35,280.62,3251.26803095015,33.5322666666667,291.350045536807,62.2777769931203,0.303142945676019,0,0,0,0,0,0,1,0,0,1,0,0
"131","Highland Reservoir","Oct.2021",0.108841314911842,4379799.5690241,503676.920669985,1746.35,280.62,3251.26803095015,36.6575666666667,293.043788100401,61.1457845674116,0.157384001992009,0,0,0,0,0,0,1,0,0,0,1,0
"132","Highland Reservoir","Sep.2018",0.083717480301857,4379799.5690241,503676.920669985,1746.35,280.62,3251.26803095015,39.9736551724138,300.064900385996,59.4525423695552,0.530429473382651,0,0,0,0,0,1,0,1,0,0,0,0
"133","Highland Reservoir","Sep.2019",0.130471035838127,4379799.5690241,503676.920669985,1746.35,280.62,3251.26803095015,43.8844137931034,301.9434761665,57.0584384344418,1.26781389528835,0,0,0,0,0,1,0,0,1,0,0,0
"134","Highland Reservoir","Sep.2020",0.105289801955223,4379799.5690241,503676.920669985,1746.35,280.62,3251.26803095015,43.147,298.559354514583,56.6923001071734,0.767023994697692,0,0,0,0,0,1,0,0,0,1,0,0
"135","Highland Reservoir","Sep.2021",0.108841314911842,4379799.5690241,503676.920669985,1746.35,280.62,3251.26803095015,48.4605,301.409766407616,56.6285394311517,0.917463550823742,0,0,0,0,0,1,0,0,0,0,1,0
"136","Highland Reservoir","Sep.2022",0.105289801955223,4379799.5690241,503676.920669985,1746.35,280.62,3251.26803095015,43.3834444444445,300.794849818787,60.5596172574814,0.945700751395686,0,0,0,0,0,1,0,0,0,0,0,1
"137","La Casa","Apr.2018",0.179630801081657,4403283.24524375,499556.417760965,1609.04,413,1231.81849937004,37.2462592592593,291.29320497762,62.6608816427389,0.903655874296445,1,0,0,0,0,0,0,1,0,0,0,0
"138","La Casa","Apr.2019",0.218206942081451,4403283.24524375,499556.417760965,1609.04,413,1231.81849937004,34.6188461538461,290.916568250114,69.9148398959389,0.780219731794342,1,0,0,0,0,0,0,0,1,0,0,0
"139","La Casa","Apr.2020",0.232037946581841,4403283.24524375,499556.417760965,1609.04,413,1231.81849937004,36.3726333333333,290.071181554009,68.8339315611172,1.01119214479905,1,0,0,0,0,0,0,0,0,1,0,0
"140","La Casa","Apr.2021",0.29625603556633,4403283.24524375,499556.417760965,1609.04,413,1231.81849937004,36.2235333333333,288.457068136771,70.683303869711,1.88146863389249,1,0,0,0,0,0,0,0,0,0,1,0
"141","La Casa","Apr.2022",0.232037946581841,4403283.24524375,499556.417760965,1609.04,413,1231.81849937004,38.192724137931,291.814612103317,59.9276756616041,0.0815812069927654,1,0,0,0,0,0,0,0,0,0,0,1
"142","La Casa","Aug.2018",0.179630801081657,4403283.24524375,499556.417760965,1609.04,413,1231.81849937004,44.3514230769231,303.476678137172,73.5692441993313,0.631687976577289,0,0,0,0,1,0,0,1,0,0,0,0
"143","La Casa","Aug.2019",0.218206942081451,4403283.24524375,499556.417760965,1609.04,413,1231.81849937004,42.5103870967742,305.965166047418,64.3314157273857,0.579315736855995,0,0,0,0,1,0,0,0,1,0,0,0
"144","La Casa","Aug.2020",0.232037946581841,4403283.24524375,499556.417760965,1609.04,413,1231.81849937004,47.0474193548387,306.868416201412,58.4393152376643,0.273044774022354,0,0,0,0,1,0,0,0,0,1,0,0
"145","La Casa","Aug.2021",0.29625603556633,4403283.24524375,499556.417760965,1609.04,413,1231.81849937004,48.8944333333333,305.333302477176,62.4609265037111,0.602723597028364,0,0,0,0,1,0,0,0,0,0,1,0
"146","La Casa","Aug.2022",0.232037946581841,4403283.24524375,499556.417760965,1609.04,413,1231.81849937004,47.8348387096774,305.649337878322,71.9656746432966,1.60084792674167,0,0,0,0,1,0,0,0,0,0,0,1
"147","La Casa","Jul.2018",0.179630801081657,4403283.24524375,499556.417760965,1609.04,413,1231.81849937004,46.8110322580645,305.811498964009,70.3812666201578,1.48152628222018,0,0,0,1,0,0,0,1,0,0,0,0
"148","La Casa","Jul.2019",0.218206942081451,4403283.24524375,499556.417760965,1609.04,413,1231.81849937004,41.4708620689655,306.050741603765,67.6400047058927,2.23810707429207,0,0,0,1,0,0,0,0,1,0,0,0
"149","La Casa","Jul.2020",0.232037946581841,4403283.24524375,499556.417760965,1609.04,413,1231.81849937004,43.5699333333333,306.260679251032,60.6020126462855,0.496401107265832,0,0,0,1,0,0,0,0,0,1,0,0
"150","La Casa","Jul.2021",0.29625603556633,4403283.24524375,499556.417760965,1609.04,413,1231.81849937004,53.4017619047619,306.293619950479,74.2159377373854,1.27923655982012,0,0,0,1,0,0,0,0,0,0,1,0
"151","La Casa","Jul.2022",0.232037946581841,4403283.24524375,499556.417760965,1609.04,413,1231.81849937004,45.1938888888889,307.041681732587,68.5596171229622,1.47360288691239,0,0,0,1,0,0,0,0,0,0,0,1
"152","La Casa","Jun.2018",0.179630801081657,4403283.24524375,499556.417760965,1609.04,413,1231.81849937004,43.0344,305.023586397991,55.8984505669371,0.740661283148953,0,0,1,0,0,0,0,1,0,0,0,0
"153","La Casa","Jun.2019",0.218206942081451,4403283.24524375,499556.417760965,1609.04,413,1231.81849937004,40.7891724137931,301.032019829769,71.9119395514163,0.800463845981691,0,0,1,0,0,0,0,0,1,0,0,0
"154","La Casa","Jun.2020",0.232037946581841,4403283.24524375,499556.417760965,1609.04,413,1231.81849937004,42.23525,304.202596299372,59.4700504124566,1.31937627323667,0,0,1,0,0,0,0,0,0,1,0,0
"155","La Casa","Jun.2021",0.29625603556633,4403283.24524375,499556.417760965,1609.04,413,1231.81849937004,45.8274333333333,304.15071058087,71.5577008235127,1.09733033077783,0,0,1,0,0,0,0,0,0,0,1,0
"156","La Casa","Jun.2022",0.232037946581841,4403283.24524375,499556.417760965,1609.04,413,1231.81849937004,39.0896428571429,303.165369163727,66.613725564278,1.3181069023453,0,0,1,0,0,0,0,0,0,0,0,1
"157","La Casa","May.2018",0.179630801081657,4403283.24524375,499556.417760965,1609.04,413,1231.81849937004,40.0209677419355,297.680232542508,69.6127681800877,1.60029807998806,0,1,0,0,0,0,0,1,0,0,0,0
"158","La Casa","May.2019",0.218206942081451,4403283.24524375,499556.417760965,1609.04,413,1231.81849937004,33.8254193548387,291.679848541549,75.8133120118365,2.18646073043691,0,1,0,0,0,0,0,0,1,0,0,0
"159","La Casa","May.2020",0.232037946581841,4403283.24524375,499556.417760965,1609.04,413,1231.81849937004,39.1561724137931,297.217784229474,74.4696125572618,1.3211303149113,0,1,0,0,0,0,0,0,0,1,0,0
"160","La Casa","May.2021",0.29625603556633,4403283.24524375,499556.417760965,1609.04,413,1231.81849937004,35.3664516129032,293.918299938569,80.729955058576,3.17380695981278,0,1,0,0,0,0,0,0,0,0,1,0
"161","La Casa","May.2022",0.232037946581841,4403283.24524375,499556.417760965,1609.04,413,1231.81849937004,35.1696206896552,296.051868730241,67.6768541512473,1.73822125521773,0,1,0,0,0,0,0,0,0,0,0,1
"162","La Casa","Oct.2018",0.179630801081657,4403283.24524375,499556.417760965,1609.04,413,1231.81849937004,18.4914838709677,289.519823257613,78.5298335845346,0.924390676937823,0,0,0,0,0,0,1,1,0,0,0,0
"163","La Casa","Oct.2019",0.218206942081451,4403283.24524375,499556.417760965,1609.04,413,1231.81849937004,21.1559285714286,288.315739629749,67.1470538205112,1.32584219392438,0,0,0,0,0,0,1,0,1,0,0,0
"164","La Casa","Oct.2020",0.232037946581841,4403283.24524375,499556.417760965,1609.04,413,1231.81849937004,24.3587142857143,291.592432691616,64.0975336565193,0.291039589611139,0,0,0,0,0,0,1,0,0,1,0,0
"165","La Casa","Oct.2021",0.29625603556633,4403283.24524375,499556.417760965,1609.04,413,1231.81849937004,26.2388965517241,293.982313495763,62.6907611771907,0.111904839016975,0,0,0,0,0,0,1,0,0,0,1,0
"166","La Casa","Sep.2018",0.179630801081657,4403283.24524375,499556.417760965,1609.04,413,1231.81849937004,31.3765333333333,301.107769266964,63.62267352622,1.3672858758351,0,0,0,0,0,1,0,1,0,0,0,0
"167","La Casa","Sep.2019",0.218206942081451,4403283.24524375,499556.417760965,1609.04,413,1231.81849937004,34.0765,302.387768187098,61.7489116408653,0.51601945621051,0,0,0,0,0,1,0,0,1,0,0,0
"168","La Casa","Sep.2020",0.232037946581841,4403283.24524375,499556.417760965,1609.04,413,1231.81849937004,31.835724137931,299.796629774637,60.4050309002201,0.662279616501081,0,0,0,0,0,1,0,0,0,1,0,0
"169","La Casa","Sep.2021",0.29625603556633,4403283.24524375,499556.417760965,1609.04,413,1231.81849937004,38.9236,302.889163507411,59.790463643841,0.335787291740815,0,0,0,0,0,1,0,0,0,0,1,0
"170","La Casa","Sep.2022",0.232037946581841,4403283.24524375,499556.417760965,1609.04,413,1231.81849937004,34.5091379310345,302.426034729295,63.6834658776461,0.622599175358002,0,0,0,0,0,1,0,0,0,0,0,1
"171","National Renewable Energy Labs - Nrel","Apr.2018",0.130036756396294,4399328.86408448,484750.26306303,1766.56,1430.77,0,43.7433,288.942108372746,63.7207804915692,0.914882768535139,1,0,0,0,0,0,0,1,0,0,0,0
"172","National Renewable Energy Labs - Nrel","Apr.2019",0.208784013986588,4399328.86408448,484750.26306303,1766.56,1430.77,0,42.1875833333333,288.67159326824,69.240562356629,0.9783316064661,1,0,0,0,0,0,0,0,1,0,0,0
"173","National Renewable Energy Labs - Nrel","Apr.2020",0.167736664414406,4399328.86408448,484750.26306303,1766.56,1430.77,0,42.9121034482759,288.135393801366,68.5026535772433,1.34095991151091,1,0,0,0,0,0,0,0,0,1,0,0
"174","National Renewable Energy Labs - Nrel","Apr.2021",0.148055672645569,4399328.86408448,484750.26306303,1766.56,1430.77,0,44.1588333333333,286.235339015354,71.3542246941255,2.07351683242131,1,0,0,0,0,0,0,0,0,0,1,0
"175","National Renewable Energy Labs - Nrel","Apr.2022",0.167736664414406,4399328.86408448,484750.26306303,1766.56,1430.77,0,46.4353666666667,289.629104953737,59.2918215330047,0.222493599530248,1,0,0,0,0,0,0,0,0,0,0,1
"176","National Renewable Energy Labs - Nrel","Aug.2018",0.130036756396294,4399328.86408448,484750.26306303,1766.56,1430.77,0,54.8906206896552,301.34133336212,71.8050303313136,0.683928310897291,0,0,0,0,1,0,0,1,0,0,0,0
"177","National Renewable Energy Labs - Nrel","Aug.2019",0.208784013986588,4399328.86408448,484750.26306303,1766.56,1430.77,0,51.9450322580645,303.353708123695,64.5053526482897,0.419617718627396,0,0,0,0,1,0,0,0,1,0,0,0
"178","National Renewable Energy Labs - Nrel","Aug.2020",0.167736664414406,4399328.86408448,484750.26306303,1766.56,1430.77,0,60.5357857142857,304.641453286771,58.1552531703851,0.212368475060552,0,0,0,0,1,0,0,0,0,1,0,0
"179","National Renewable Energy Labs - Nrel","Aug.2021",0.148055672645569,4399328.86408448,484750.26306303,1766.56,1430.77,0,57.7380322580645,302.441362253239,63.382525113676,0.826623886077026,0,0,0,0,1,0,0,0,0,0,1,0
"180","National Renewable Energy Labs - Nrel","Aug.2022",0.167736664414406,4399328.86408448,484750.26306303,1766.56,1430.77,0,54.5009032258064,302.871205102285,71.0256404064033,0.97313223581241,0,0,0,0,1,0,0,0,0,0,0,1
"181","National Renewable Energy Labs - Nrel","Jul.2018",0.130036756396294,4399328.86408448,484750.26306303,1766.56,1430.77,0,51.955875,303.088503372918,71.1825520411462,1.48243767193286,0,0,0,1,0,0,0,1,0,0,0,0
"182","National Renewable Energy Labs - Nrel","Jul.2019",0.208784013986588,4399328.86408448,484750.26306303,1766.56,1430.77,0,50.2846451612903,303.445724516435,68.4544788493421,2.3123614930633,0,0,0,1,0,0,0,0,1,0,0,0
"183","National Renewable Energy Labs - Nrel","Jul.2020",0.167736664414406,4399328.86408448,484750.26306303,1766.56,1430.77,0,50.152064516129,303.62046294891,61.1636655569269,0.780115041325542,0,0,0,1,0,0,0,0,0,1,0,0
"184","National Renewable Energy Labs - Nrel","Jul.2021",0.148055672645569,4399328.86408448,484750.26306303,1766.56,1430.77,0,62.7419677419355,303.318810672288,73.5993620494319,0.969027513435931,0,0,0,1,0,0,0,0,0,0,1,0
"185","National Renewable Energy Labs - Nrel","Jul.2022",0.167736664414406,4399328.86408448,484750.26306303,1766.56,1430.77,0,51.9509666666667,304.027956443929,68.6923257464356,1.6366124228552,0,0,0,1,0,0,0,0,0,0,0,1
"186","National Renewable Energy Labs - Nrel","Jun.2018",0.130036756396294,4399328.86408448,484750.26306303,1766.56,1430.77,0,49.2372,302.05196387958,53.8973666969433,0.793288164595242,0,0,1,0,0,0,0,1,0,0,0,0
"187","National Renewable Energy Labs - Nrel","Jun.2019",0.208784013986588,4399328.86408448,484750.26306303,1766.56,1430.77,0,48.8185333333333,298.365780927083,69.7925576787228,1.41280005998282,0,0,1,0,0,0,0,0,1,0,0,0
"188","National Renewable Energy Labs - Nrel","Jun.2020",0.167736664414406,4399328.86408448,484750.26306303,1766.56,1430.77,0,48.8529333333333,301.852206419866,59.1780658921492,1.34096350069493,0,0,1,0,0,0,0,0,0,1,0,0
"189","National Renewable Energy Labs - Nrel","Jun.2021",0.148055672645569,4399328.86408448,484750.26306303,1766.56,1430.77,0,53.9764666666667,301.129105398755,67.0221303681234,1.81429194430905,0,0,1,0,0,0,0,0,0,0,1,0
"190","National Renewable Energy Labs - Nrel","Jun.2022",0.167736664414406,4399328.86408448,484750.26306303,1766.56,1430.77,0,50.2294333333333,300.471720246698,64.828863818721,1.31356612844684,0,0,1,0,0,0,0,0,0,0,0,1
"191","National Renewable Energy Labs - Nrel","May.2018",0.130036756396294,4399328.86408448,484750.26306303,1766.56,1430.77,0,45.8443548387097,294.687438439495,66.2064140081084,2.58250567133921,0,1,0,0,0,0,0,1,0,0,0,0
"192","National Renewable Energy Labs - Nrel","May.2019",0.208784013986588,4399328.86408448,484750.26306303,1766.56,1430.77,0,41.7385806451613,289.100520047792,75.1292161733511,2.34743902773307,0,1,0,0,0,0,0,0,1,0,0,0
"193","National Renewable Energy Labs - Nrel","May.2020",0.167736664414406,4399328.86408448,484750.26306303,1766.56,1430.77,0,47.2196333333333,295.237016900582,71.8011587822763,1.48546493180951,0,1,0,0,0,0,0,0,0,1,0,0
"194","National Renewable Energy Labs - Nrel","May.2021",0.148055672645569,4399328.86408448,484750.26306303,1766.56,1430.77,0,42.6014838709677,291.626375694849,79.3241656703711,3.757439012279,0,1,0,0,0,0,0,0,0,0,1,0
"195","National Renewable Energy Labs - Nrel","May.2022",0.167736664414406,4399328.86408448,484750.26306303,1766.56,1430.77,0,45.58825,293.84883074973,66.1346150236134,2.05938166882257,0,1,0,0,0,0,0,0,0,0,0,1
"196","National Renewable Energy Labs - Nrel","Oct.2018",0.130036756396294,4399328.86408448,484750.26306303,1766.56,1430.77,0,30.7545483870968,288.209907063968,75.4008817759942,1.19066584555412,0,0,0,0,0,0,1,1,0,0,0,0
"197","National Renewable Energy Labs - Nrel","Oct.2019",0.208784013986588,4399328.86408448,484750.26306303,1766.56,1430.77,0,34.1423548387097,286.540441854594,63.8294824518451,1.60325965397693,0,0,0,0,0,0,1,0,1,0,0,0
"198","National Renewable Energy Labs - Nrel","Oct.2020",0.167736664414406,4399328.86408448,484750.26306303,1766.56,1430.77,0,36.6565483870968,290.632075352137,60.9386207467839,0.373855096351572,0,0,0,0,0,0,1,0,0,1,0,0
"199","National Renewable Energy Labs - Nrel","Oct.2021",0.148055672645569,4399328.86408448,484750.26306303,1766.56,1430.77,0,40.2155806451613,292.03473556591,59.6782933071569,0.17920924372991,0,0,0,0,0,0,1,0,0,0,1,0
"200","National Renewable Energy Labs - Nrel","Sep.2018",0.130036756396294,4399328.86408448,484750.26306303,1766.56,1430.77,0,45.0557333333333,299.025536185447,60.0386476051362,1.91849964392248,0,0,0,0,0,1,0,1,0,0,0,0
"201","National Renewable Energy Labs - Nrel","Sep.2019",0.208784013986588,4399328.86408448,484750.26306303,1766.56,1430.77,0,46.2351724137931,300.267051447625,58.3419769057855,0.559816712338217,0,0,0,0,0,1,0,0,1,0,0,0
"202","National Renewable Energy Labs - Nrel","Sep.2020",0.167736664414406,4399328.86408448,484750.26306303,1766.56,1430.77,0,47.8782068965517,297.856885886245,57.0840994718875,0.713958750265291,0,0,0,0,0,1,0,0,0,1,0,0
"203","National Renewable Energy Labs - Nrel","Sep.2021",0.148055672645569,4399328.86408448,484750.26306303,1766.56,1430.77,0,52.2804,300.42758385263,56.5919613895793,0.51203160667008,0,0,0,0,0,1,0,0,0,0,1,0
"204","National Renewable Energy Labs - Nrel","Sep.2022",0.167736664414406,4399328.86408448,484750.26306303,1766.56,1430.77,0,45.6592068965517,299.821102378917,59.8438158759291,0.838529938812904,0,0,0,0,0,1,0,0,0,0,0,1
"205","Rocky Flats-N","Apr.2018",0.152818724513054,4418095.85351409,483881.807056902,1728.49,68.83,2405.23123209667,47.4263571428571,289.504963808178,61.6158006177658,1.04661646065643,1,0,0,0,0,0,0,1,0,0,0,0
"206","Rocky Flats-N","Apr.2019",0.195075735449791,4418095.85351409,483881.807056902,1728.49,68.83,2405.23123209667,44.6884814814815,289.443572357098,66.6923677850759,1.20478311712258,1,0,0,0,0,0,0,0,1,0,0,0
"207","Rocky Flats-N","Apr.2020",0.170526564121246,4418095.85351409,483881.807056902,1728.49,68.83,2405.23123209667,46.9919310344828,288.409922776524,65.8746345023771,1.8568890743986,1,0,0,0,0,0,0,0,0,1,0,0
"208","Rocky Flats-N","Apr.2021",0.202216967940331,4418095.85351409,483881.807056902,1728.49,68.83,2405.23123209667,45.3176666666667,286.875907795546,67.5313346917647,2.29213963286499,1,0,0,0,0,0,0,0,0,0,1,0
"209","Rocky Flats-N","Apr.2022",0.170526564121246,4418095.85351409,483881.807056902,1728.49,68.83,2405.23123209667,48.1666666666667,290.064280164588,57.3890693179366,0.112882761013892,1,0,0,0,0,0,0,0,0,0,0,1
"210","Rocky Flats-N","Aug.2018",0.152818724513054,4418095.85351409,483881.807056902,1728.49,68.83,2405.23123209667,55.4175333333333,302.264786520385,67.8239081188934,0.982146298758342,0,0,0,0,1,0,0,1,0,0,0,0
"211","Rocky Flats-N","Aug.2019",0.195075735449791,4418095.85351409,483881.807056902,1728.49,68.83,2405.23123209667,52.296064516129,304.240752082689,62.0502284472188,0.334440888840739,0,0,0,0,1,0,0,0,1,0,0,0
"212","Rocky Flats-N","Aug.2020",0.170526564121246,4418095.85351409,483881.807056902,1728.49,68.83,2405.23123209667,58.2656451612903,305.365361614855,56.6651554752623,0.359745005100902,0,0,0,0,1,0,0,0,0,1,0,0
"213","Rocky Flats-N","Aug.2021",0.202216967940331,4418095.85351409,483881.807056902,1728.49,68.83,2405.23123209667,58.8461612903226,303.380360269048,61.3165432651631,0.767576800257586,0,0,0,0,1,0,0,0,0,0,1,0
"214","Rocky Flats-N","Aug.2022",0.170526564121246,4418095.85351409,483881.807056902,1728.49,68.83,2405.23123209667,55.130935483871,303.636002474584,66.9022829596518,3.04537333841262,0,0,0,0,1,0,0,0,0,0,0,1
"215","Rocky Flats-N","Jul.2018",0.152818724513054,4418095.85351409,483881.807056902,1728.49,68.83,2405.23123209667,56.9203548387097,303.821985674171,67.1273755520953,1.44334539399617,0,0,0,1,0,0,0,1,0,0,0,0
"216","Rocky Flats-N","Jul.2019",0.195075735449791,4418095.85351409,483881.807056902,1728.49,68.83,2405.23123209667,50.1859032258064,304.322469720341,64.9018878098148,1.97953195406696,0,0,0,1,0,0,0,0,1,0,0,0
"217","Rocky Flats-N","Jul.2020",0.170526564121246,4418095.85351409,483881.807056902,1728.49,68.83,2405.23123209667,49.9715806451613,304.72035873897,59.5800589143962,0.397026251998157,0,0,0,1,0,0,0,0,0,1,0,0
"218","Rocky Flats-N","Jul.2021",0.202216967940331,4418095.85351409,483881.807056902,1728.49,68.83,2405.23123209667,62.1897419354839,304.357545563489,70.4278377872717,1.49699462129828,0,0,0,1,0,0,0,0,0,0,1,0
"219","Rocky Flats-N","Jul.2022",0.170526564121246,4418095.85351409,483881.807056902,1728.49,68.83,2405.23123209667,52.9658709677419,305.031086069416,63.7953170053375,1.78416071211639,0,0,0,1,0,0,0,0,0,0,0,1
"220","Rocky Flats-N","Jun.2018",0.152818724513054,4418095.85351409,483881.807056902,1728.49,68.83,2405.23123209667,52.2484814814815,302.725340372571,54.3379397602463,0.734171139098131,0,0,1,0,0,0,0,1,0,0,0,0
"221","Rocky Flats-N","Jun.2019",0.195075735449791,4418095.85351409,483881.807056902,1728.49,68.83,2405.23123209667,49.4431666666667,299.27803468416,68.091462412868,2.08085524979515,0,0,1,0,0,0,0,0,1,0,0,0
"222","Rocky Flats-N","Jun.2020",0.170526564121246,4418095.85351409,483881.807056902,1728.49,68.83,2405.23123209667,49.4208461538461,302.532796835721,55.928692324126,1.5387693661564,0,0,1,0,0,0,0,0,0,1,0,0
"223","Rocky Flats-N","Jun.2021",0.202216967940331,4418095.85351409,483881.807056902,1728.49,68.83,2405.23123209667,53.8137666666667,302.142039106868,67.1155112346312,1.61182291485638,0,0,1,0,0,0,0,0,0,0,1,0
"224","Rocky Flats-N","Jun.2022",0.170526564121246,4418095.85351409,483881.807056902,1728.49,68.83,2405.23123209667,52.1765,301.250713477208,62.791844208179,1.06077443536134,0,0,1,0,0,0,0,0,0,0,0,1
"225","Rocky Flats-N","May.2018",0.152818724513054,4418095.85351409,483881.807056902,1728.49,68.83,2405.23123209667,49.7409642857143,295.309576270118,67.877585374958,3.41480977296205,0,1,0,0,0,0,0,1,0,0,0,0
"226","Rocky Flats-N","May.2019",0.195075735449791,4418095.85351409,483881.807056902,1728.49,68.83,2405.23123209667,41.8176333333333,289.738997176975,74.3203043036688,2.48368475572415,0,1,0,0,0,0,0,0,1,0,0,0
"227","Rocky Flats-N","May.2020",0.170526564121246,4418095.85351409,483881.807056902,1728.49,68.83,2405.23123209667,45.8216333333333,295.652654535947,72.7833048281228,1.34451736330192,0,1,0,0,0,0,0,0,0,1,0,0
"228","Rocky Flats-N","May.2021",0.202216967940331,4418095.85351409,483881.807056902,1728.49,68.83,2405.23123209667,43.0151935483871,292.274540373634,80.3338342246173,4.28823791143049,0,1,0,0,0,0,0,0,0,0,1,0
"229","Rocky Flats-N","May.2022",0.170526564121246,4418095.85351409,483881.807056902,1728.49,68.83,2405.23123209667,47.0587741935484,294.174702104567,64.9579294339136,1.73994380012299,0,1,0,0,0,0,0,0,0,0,0,1
"230","Rocky Flats-N","Oct.2018",0.152818724513054,4418095.85351409,483881.807056902,1728.49,68.83,2405.23123209667,32.0816774193548,288.365963209565,68.9591826867512,1.39334357085137,0,0,0,0,0,0,1,1,0,0,0,0
"231","Rocky Flats-N","Oct.2019",0.195075735449791,4418095.85351409,483881.807056902,1728.49,68.83,2405.23123209667,36.7667096774194,286.94332234575,60.8313800212026,1.19685249849636,0,0,0,0,0,0,1,0,1,0,0,0
"232","Rocky Flats-N","Oct.2020",0.170526564121246,4418095.85351409,483881.807056902,1728.49,68.83,2405.23123209667,37.9689032258065,290.336299863793,56.6186114285905,0.417745235833131,0,0,0,0,0,0,1,0,0,1,0,0
"233","Rocky Flats-N","Oct.2021",0.202216967940331,4418095.85351409,483881.807056902,1728.49,68.83,2405.23123209667,41.5767419354839,292.465203108427,55.2738885118861,0.142843529528768,0,0,0,0,0,0,1,0,0,0,1,0
"234","Rocky Flats-N","Sep.2018",0.152818724513054,4418095.85351409,483881.807056902,1728.49,68.83,2405.23123209667,44.8781379310345,299.840559637928,56.7063894453885,0.751481033749266,0,0,0,0,0,1,0,1,0,0,0,0
"235","Rocky Flats-N","Sep.2019",0.195075735449791,4418095.85351409,483881.807056902,1728.49,68.83,2405.23123209667,48.2594,300.979622249406,54.3692637764604,0.39644888344812,0,0,0,0,0,1,0,0,1,0,0,0
"236","Rocky Flats-N","Sep.2020",0.170526564121246,4418095.85351409,483881.807056902,1728.49,68.83,2405.23123209667,50.3275555555555,298.495932238838,54.3658548524911,0.830295345372201,0,0,0,0,0,1,0,0,0,1,0,0
"237","Rocky Flats-N","Sep.2021",0.202216967940331,4418095.85351409,483881.807056902,1728.49,68.83,2405.23123209667,54.4908275862069,301.15091143308,52.8148091931234,0.377018981865398,0,0,0,0,0,1,0,0,0,0,1,0
"238","Rocky Flats-N","Sep.2022",0.170526564121246,4418095.85351409,483881.807056902,1728.49,68.83,2405.23123209667,47.6490344827586,300.439830324921,55.3234164028758,0.767783260372052,0,0,0,0,0,1,0,0,0,0,0,1
"239","Welby","Apr.2018",0.133760914206505,4409791.4662312,504291.736186258,1592.47,818.31,0,34.4490666666667,291.436353870684,64.1424239759322,0.803170905174672,1,0,0,0,0,0,0,1,0,0,0,0
"240","Welby","Apr.2019",0.219603702425957,4409791.4662312,504291.736186258,1592.47,818.31,0,32.9432,290.741748203052,71.0033869574971,0.832775602809223,1,0,0,0,0,0,0,0,1,0,0,0
"241","Welby","Apr.2020",0.17432376742363,4409791.4662312,504291.736186258,1592.47,818.31,0,35.8412,290.051535963625,68.759846360625,1.1594209553533,1,0,0,0,0,0,0,0,0,1,0,0
"242","Welby","Apr.2021",0.175985708832741,4409791.4662312,504291.736186258,1592.47,818.31,0,36.4197,288.178601378662,71.4656986249489,1.78423186558372,1,0,0,0,0,0,0,0,0,0,1,0
"243","Welby","Apr.2022",0.17432376742363,4409791.4662312,504291.736186258,1592.47,818.31,0,42.5391666666667,291.644161512748,60.7538371164572,0.0790823647100493,1,0,0,0,0,0,0,0,0,0,0,1
"244","Welby","Aug.2018",0.133760914206505,4409791.4662312,504291.736186258,1592.47,818.31,0,41.204935483871,303.69299799036,73.1716821140048,0.660129364556445,0,0,0,0,1,0,0,1,0,0,0,0
"245","Welby","Aug.2019",0.219603702425957,4409791.4662312,504291.736186258,1592.47,818.31,0,38.8864137931035,305.880314016792,65.2762329347022,0.0964646441411924,0,0,0,0,1,0,0,0,1,0,0,0
"246","Welby","Aug.2020",0.17432376742363,4409791.4662312,504291.736186258,1592.47,818.31,0,46.0626129032258,306.93601920695,58.7192348684037,0.349925634545889,0,0,0,0,1,0,0,0,0,1,0,0
"247","Welby","Aug.2021",0.175985708832741,4409791.4662312,504291.736186258,1592.47,818.31,0,45.3903181818182,305.091618692685,63.6797920748382,0.508789688317879,0,0,0,0,1,0,0,0,0,0,1,0
"248","Welby","Aug.2022",0.17432376742363,4409791.4662312,504291.736186258,1592.47,818.31,0,47.2730714285714,305.509174973593,71.374158812299,1.57338769485879,0,0,0,0,1,0,0,0,0,0,0,1
"249","Welby","Jul.2018",0.133760914206505,4409791.4662312,504291.736186258,1592.47,818.31,0,43.9032903225806,305.719913336405,71.4541618362542,2.36905127077306,0,0,0,1,0,0,0,1,0,0,0,0
"250","Welby","Jul.2019",0.219603702425957,4409791.4662312,504291.736186258,1592.47,818.31,0,36.6186129032258,306.325433931633,69.0736830540753,2.15360291037358,0,0,0,1,0,0,0,0,1,0,0,0
"251","Welby","Jul.2020",0.17432376742363,4409791.4662312,504291.736186258,1592.47,818.31,0,41.9882666666667,306.313416775098,62.6609041597897,0.667382323865327,0,0,0,1,0,0,0,0,0,1,0,0
"252","Welby","Jul.2021",0.175985708832741,4409791.4662312,504291.736186258,1592.47,818.31,0,51.3568064516129,306.299856538531,75.487091377222,1.18096285221941,0,0,0,1,0,0,0,0,0,0,1,0
"253","Welby","Jul.2022",0.17432376742363,4409791.4662312,504291.736186258,1592.47,818.31,0,46.2585,306.910996423733,68.5428548620765,1.50779398127682,0,0,0,1,0,0,0,0,0,0,0,1
"254","Welby","Jun.2018",0.133760914206505,4409791.4662312,504291.736186258,1592.47,818.31,0,39.4661481481481,304.999890115998,56.6080765709436,0.643216501020015,0,0,1,0,0,0,0,1,0,0,0,0
"255","Welby","Jun.2019",0.219603702425957,4409791.4662312,504291.736186258,1592.47,818.31,0,36.0758666666667,301.113402105529,72.041707309392,0.823903390542663,0,0,1,0,0,0,0,0,1,0,0,0
"256","Welby","Jun.2020",0.17432376742363,4409791.4662312,504291.736186258,1592.47,818.31,0,39.6133571428571,304.493222594888,58.7910772963874,1.07045618376124,0,0,1,0,0,0,0,0,0,1,0,0
"257","Welby","Jun.2021",0.175985708832741,4409791.4662312,504291.736186258,1592.47,818.31,0,43.6161923076923,304.07898265614,72.6327068502237,0.829499334530433,0,0,1,0,0,0,0,0,0,0,1,0
"258","Welby","Jun.2022",0.17432376742363,4409791.4662312,504291.736186258,1592.47,818.31,0,43.8076923076923,303.084740134401,67.0020767774455,1.27513203545118,0,0,1,0,0,0,0,0,0,0,0,1
"259","Welby","May.2018",0.133760914206505,4409791.4662312,504291.736186258,1592.47,818.31,0,36.3945333333333,297.285698921196,71.4847174894448,1.15463475216226,0,1,0,0,0,0,0,1,0,0,0,0
"260","Welby","May.2019",0.219603702425957,4409791.4662312,504291.736186258,1592.47,818.31,0,32.1334,291.428647539343,77.1386813041585,1.78594690986416,0,1,0,0,0,0,0,0,1,0,0,0
"261","Welby","May.2020",0.17432376742363,4409791.4662312,504291.736186258,1592.47,818.31,0,39.6988518518519,297.097365029612,74.0137485217246,1.15346668039769,0,1,0,0,0,0,0,0,0,1,0,0
"262","Welby","May.2021",0.175985708832741,4409791.4662312,504291.736186258,1592.47,818.31,0,35.4621428571429,293.537476129852,82.3597946220573,3.61517726733837,0,1,0,0,0,0,0,0,0,0,1,0
"263","Welby","May.2022",0.17432376742363,4409791.4662312,504291.736186258,1592.47,818.31,0,41.0620967741935,295.788427226787,68.2637858276263,1.51832625588533,0,1,0,0,0,0,0,0,0,0,0,1
"264","Welby","Oct.2018",0.133760914206505,4409791.4662312,504291.736186258,1592.47,818.31,0,18.7494193548387,289.66260635166,77.4586775425936,0.830356109249081,0,0,0,0,0,0,1,1,0,0,0,0
"265","Welby","Oct.2019",0.219603702425957,4409791.4662312,504291.736186258,1592.47,818.31,0,21.3903666666667,288.334483136152,67.3336808308705,1.17900171916303,0,0,0,0,0,0,1,0,1,0,0,0
"266","Welby","Oct.2020",0.17432376742363,4409791.4662312,504291.736186258,1592.47,818.31,0,23.5078666666667,291.172918004546,63.7406747056278,0.302093706659802,0,0,0,0,0,0,1,0,0,1,0,0
"267","Welby","Oct.2021",0.175985708832741,4409791.4662312,504291.736186258,1592.47,818.31,0,23.9729615384615,293.797524600805,62.9128561303589,0.0687138752019454,0,0,0,0,0,0,1,0,0,0,1,0
"268","Welby","Sep.2018",0.133760914206505,4409791.4662312,504291.736186258,1592.47,818.31,0,29.0033103448276,301.363723027977,63.6143260643135,1.53151062955477,0,0,0,0,0,1,0,1,0,0,0,0
"269","Welby","Sep.2019",0.219603702425957,4409791.4662312,504291.736186258,1592.47,818.31,0,31.9253333333333,302.72997342273,60.9436675952023,0.504020378692697,0,0,0,0,0,1,0,0,1,0,0,0
"270","Welby","Sep.2020",0.17432376742363,4409791.4662312,504291.736186258,1592.47,818.31,0,32.284,299.622956519087,59.1481347264934,0.67992241532252,0,0,0,0,0,1,0,0,0,1,0,0
"271","Welby","Sep.2021",0.175985708832741,4409791.4662312,504291.736186258,1592.47,818.31,0,38.4209333333333,302.72646863435,59.458772106556,0.332338451088991,0,0,0,0,0,1,0,0,0,0,1,0
"272","Welby","Sep.2022",0.17432376742363,4409791.4662312,504291.736186258,1592.47,818.31,0,34.3489310344827,302.269659572347,63.1973220071805,0.626190772709287,0,0,0,0,0,1,0,0,0,0,0,1
